5KbXjDK1p4vOa9BVcHwkew,AbTUfq23e0eTTDE5bDn57Q,Food#Juice Bars & Smoothies#Vegan#Restaurants
IrsaCOc33wEgU8VriaCd0g,94uwF6nBkIW_j51T1uJRHw,Bakeries#Food#Cafes#Restaurants
gdNJzMx9duSZCBdiU1QKFg,-AAig9FG0s8gYE4f8GfowQ,Pizza#Italian#Sandwiches#Restaurants
YfvxQPmYw1n2EjilV33oJA,7_zL7NX_rDFwhbLp98PwZg,Sushi Bars#Japanese#Restaurants
sXAUznp3YfH2y3grRpcrjA,mMbsqbFSaHsBxZQPGNSuOQ,Persian/Iranian#Mediterranean#Restaurants
opGgsDuWqzdNpZq2thH6eA,MNizy8sasQbTEw2bBXrlpg,Arts & Entertainment#Performing Arts
HUc-AHEJP2Xlw0IrMFRQRw,WOcd2juQYJ0wua9kwwaKzw,Tires#Automotive#Auto Repair#Oil Change Stations
zeb8aK80RrwxjcudsmUbjw,4mZ__NR8jLD1k0rYpSbplA,Steakhouses#Restaurants
1FwKj8ERL202O-lufw7pTg,Es300Ys1XXPYg8aI7BKVYQ,Nightlife#Dance Clubs
9LIL7m1Q0wtzHnKWpZxuQw,6ZlNip_ZXYzb-dlzqGkC4g,Vietnamese#Restaurants
JHJEFAqtOnY8slBb5vmUHQ,-k_BRFRckV7XnU76G_vK1w,Food#Desserts
u1IC7xORIeAkJEt6n4p3_A,-h-q6zTIdPlkz9BDP11sBg,Bars#Vegetarian#Wine Bars#Nightlife#American (New)#Restaurants
yKtZQZvw6d9GjxXekw-YbA,0RqNRc6RiILzZxK9J8Kqug,Burgers#American (Traditional)#Restaurants
5KbXjDK1p4vOa9BVcHwkew,6NoLKNDEvmeKACCpkKJgkA,Modern European#Food#Canadian (New)#Restaurants
DT2MdoFQiH5j-_i8d7tOMQ,0nGjXTpUtpIJl10PL0eBGg,Breakfast & Brunch#American (Traditional)#Diners#Restaurants
HGCWB7t-fCCYYVVjQXEk3A,AtoMSHZ-lO7kxHRBdioMtA,Day Spas#Massage#Beauty & Spas
mECTORoeUYDA5ryP-vy5cw,3Z82mg5JLd7_aW9kGvW_Pg,Local Services#Shipping Centers#Printing Services#Signmaking#Professional Services
u1IC7xORIeAkJEt6n4p3_A,TZ4d1i8epUVCyBoONulfUQ,Arts & Entertainment#Stadiums & Arenas
opGgsDuWqzdNpZq2thH6eA,-QLM5JtqHN8ditQQyqi8zg,Active Life#Arts & Entertainment#Amusement Parks
sQTvI2N_WT5m60ZUbTMCMQ,ABC57h7Dh1Vy9q3cztAm5A,Food#Coffee & Tea
fcQ5lQsu14Qxnj7ivyWAdw,BLgkoO4MKq00V2o9jOf5zw,Food#Coffee & Tea
5R1OCck1Cs4qhCtKb3EYfA,k-ClRJsPYJtsI8NRtiLdTA,Fish & Chips#British#Restaurants
tAW8z_u42xbQohGnyFiLNw,bOB11LVavtN9PWTNwR52Tw,Mexican#Restaurants
sQTvI2N_WT5m60ZUbTMCMQ,8Hn5X1AqgmSLHRG2KgBJBg,Italian#Pizza#Restaurants
O-4iy2zJ0X6QFP62aV2YbQ,3OB5gQqibKGTzx9R1w7wKQ,Food#American (Traditional)#Juice Bars & Smoothies#American (New)#Restaurants
gdNJzMx9duSZCBdiU1QKFg,5D1DG-EUUO3pMvMOuY6U9Q,Food#Juice Bars & Smoothies
ruqAS0sS_fLmMiioU-0JCg,1we3mDehB1V7IYX9hIoeTQ,Steakhouses#American (Traditional)#Restaurants
h6NYTy3uhoRKZTPjh_7LQA,9HpTTSPwuh_lp2dCLiGswg,Mongolian#Restaurants
beXVbUApKqAOfbvSeWW0Jg,pPJyi5kggzTibTxSPuRd0g,Sushi Bars#Japanese#Restaurants
E2lWb8LwuoS3psOrRWJ_zg,P8DQlNd4ZVCtxFsH_QARFQ,Barbeque#Chinese#Restaurants
mECTORoeUYDA5ryP-vy5cw,LYcHGQQHep1COP4Qg433SQ,Burgers#Bars#Nightlife#Restaurants
ruqAS0sS_fLmMiioU-0JCg,4bEjOyTaDG24SY5TxsaUNQ,Breakfast & Brunch#Steakhouses#French#Restaurants
5KbXjDK1p4vOa9BVcHwkew,2QFLBJ8tTHT7WrrOOD5HrQ,Pubs#Breakfast & Brunch#Bars#Nightlife#Restaurants
jPzb5ZfPFrU_R9gA6YZPLw,-GZsHVDlI6wvLsgD1Yaj0g,Coffee & Tea#Food#Bars#Pubs#Sandwiches#Nightlife#Restaurants
JHmO-lVrHA0njKnQnZ8qLA,NBvrN_ZDpmBCsPI1qLj1Qw,Thai#Restaurants
JHJEFAqtOnY8slBb5vmUHQ,88CNSyeoKhGn1x0SHvz8Ig,American (New)#Restaurants
TuNa_1uw11vrjAOoAidXNg,9s8J5SQaZYXzDnAmgXCQBQ,Bars#Arts & Entertainment#Arcades#Nightlife
RGC3gUcBVZqOy-b2XSRgGw,3MI0TP2_POpgSXPHhFGOFA,American (Traditional)#Restaurants
ruqAS0sS_fLmMiioU-0JCg,0mPrp8m_caTxdSGfIxNtTw,Seafood#American (New)#Hawaiian#Restaurants
5KbXjDK1p4vOa9BVcHwkew,-vYXWPTZQ_XI3UZ2IyZ00Q,French#Restaurants
JHJEFAqtOnY8slBb5vmUHQ,Fb__zkvQX3W7u1A72h4wPw,Tapas Bars#Restaurants
_UgwaKf3xgDCq4qrMvW2dQ,M1xG7umlR-jalgYSxuPLYQ,Hawaiian#Restaurants
opGgsDuWqzdNpZq2thH6eA,2R--I1vrWTtXDzkwes37PQ,Landmarks & Historical Buildings#Public Services & Government#Local Flavor
sQTvI2N_WT5m60ZUbTMCMQ,3Q7vtF_cdHGyp2JOlKcu-Q,Burgers#Fast Food#Restaurants
S9lac_PPAISov03qrHkpMw,NTfUFk8GyOLL1uPbEO-pVg,American (New)#Southern#Restaurants
-PSVFsBK65mT513q4xpYXg,1bJjWGYip-V2PGj4VIwbiQ,Restaurants#Italian
yKtZQZvw6d9GjxXekw-YbA,-ftQeUsqwDkExRg6IYrubQ,Greek#Mediterranean#Restaurants
mECTORoeUYDA5ryP-vy5cw,K2_Hmmo5crTYWiT_1sWnfQ,Fast Food#Mexican#Restaurants
sFcskP7j-gdW7y5whXyOiw,3tIg4sZQ-_fMt4JEuZAzBg,Veterinarians#Pets
RVdu0KTvpYc4kS1umR51JQ,Bj3v6XY-0arzKQmT0giSKA,Seafood#Restaurants
PTkSrIc2xu1RV7P29Y55bw,73vkDcVCbAA_ztudgETErQ,"Food#Beer, Wine & Spirits"
3ldgW4k0G1Eb6ZpQJcKdUA,9Bnc9YP0n5cR57xkP6fQmQ,American (Traditional)#Restaurants
4W9SN-3ArK66VG9s6l2vGg,7VLW-cIDaiO4Dx8gXYkZcg,Food#Coffee & Tea#Creperies#Restaurants
jobwwSifZ_mIR4Z3PdoGTA,EJbWBLLa5M2kLExQQN7elg,Doctors#Medical Centers#Health & Medical#Family Practice
JkHLxF7VYgfLRQ6DTUSewQ,1AMncE6Lxdr6J9PeqZi4nA,Steakhouses#Barbeque#Restaurants
h-8gdwYYOAj76Dy1ae2xUg,4wcDUnb2y2fW8sSzFd8EaQ,Fast Food#Restaurants
9I16D_l2hLwFEyKmkWmJaQ,A_YDtpSs8bctRj3wpHeuNA,Photographers#Professional Services#Videographers#Event Planning & Services#Video/Film Production
sn7VI5NQdRyFZpD0gCL1xQ,2IRlle9pRj0BhP4UVCboeg,Hair Salons#Beauty & Spas#Health & Medical#Hair Stylists#Medical Spas
FYIGxT2lW9Uou5nGHIpFDA,gWRJ_Zyl2gtx_pCNTKnG2A,Breakfast & Brunch#American (Traditional)#Restaurants
VMro2zAEejxWsCgaR75-lQ,cE16HnvfgpTAk2GW3mF4Aw,Museums#Arts & Entertainment
1e11wtAg1ehA3JKVkJMutw,Nk3njfzat1hmqHpXLDOo9g,Massage#Beauty & Spas
gdNJzMx9duSZCBdiU1QKFg,-nHYKkSJuQ7zzFZ1veRfPg,Chinese#Restaurants
SQbpBKyd68rFn9W0U31rrA,1bJjWGYip-V2PGj4VIwbiQ,Restaurants#Italian
EA5fDaXvBRgVWtnQupy6hQ,AhDXwtPvLGWu1hX-44Uv_Q,Local Services
gdNJzMx9duSZCBdiU1QKFg,D7d-X4fLvVIdsCDFGpqzmg,Pizza#Restaurants
HGCWB7t-fCCYYVVjQXEk3A,fDZzCjlxaA4OOmnFO-i0vw,Breakfast & Brunch#Cafes#American (Traditional)#Restaurants
5KbXjDK1p4vOa9BVcHwkew,DvbR5H38dqagijUNPvfbCQ,Gastropubs#Restaurants
3ldgW4k0G1Eb6ZpQJcKdUA,GmAGA39Wjv3MLT2ju5ALQQ,Gluten-Free#Asian Fusion#Chinese#Restaurants
QmykNasFdjyaQ3K8oME3fQ,QSU6gLacz4519FAqCvLBsw,Arts & Entertainment#Music Venues#Burgers#Nightlife#American (New)#Restaurants
EnHqqZEEvQ6UKFjoCqQ0Ag,4ieuLil-D58FBU1DVd_xGA,Sushi Bars#Restaurants
kt5MZ368FrySa2S0PB1yqg,APe_0I6DqbNQonSlEkMSEQ,Steakhouses#Restaurants
E_6E0U8d_L4uxaURifx0dQ,3Q0QQPnHcJuX1DLCL9G9Cg,Hotels & Travel#Airports
opGgsDuWqzdNpZq2thH6eA,M2SjLXsuAy5RNKwxaA5E1g,Arts & Entertainment#Music Venues#Restaurants#Hotels#Event Planning & Services#Hotels & Travel#American (New)#Nightlife
opGgsDuWqzdNpZq2thH6eA,7y0wP1OgxZyoAN1kvg0k0w,Hotels & Travel#Transportation
E_6E0U8d_L4uxaURifx0dQ,QsJzYdCR2AlnvvagjejSRw,Delis#Restaurants
FYIGxT2lW9Uou5nGHIpFDA,ID6vQl8l7WmUtsMefymyRQ,Beauty & Spas#Nail Salons
4QuLGBQz2PPa_yAgiMEtaw,DjOxXobyGDwWt89q4z1twg,Ramen#Japanese#Restaurants
yKtZQZvw6d9GjxXekw-YbA,OBUbR8vRZ7RmotiwvBlVDg,Food#Barbeque#Restaurants
u1IC7xORIeAkJEt6n4p3_A,E7nk0lC317pGxMX56gvaVQ,Bars#American (Traditional)#Nightlife#Restaurants
p4w1SWmsIa5uwDZX7pkvxA,fJzKYljToXOauSohw9cMIA,Thai#Buffets#Restaurants
JHJEFAqtOnY8slBb5vmUHQ,qhHwbSltc8MSm64vj3wcgg,Restaurants
8YuwynCsEA3skExGoM-Liw,LfKPiwth-lGmCKTxlDoV9g,Restaurants#Pizza#Italian
5KbXjDK1p4vOa9BVcHwkew,IN__mhH_FM4sMtAGWjxUKg,Fish & Chips#Restaurants
rO0Ytm0UMpOlZIJYRfgJRA,J21k13gcA8-qi0LGJitThQ,Burgers#Breakfast & Brunch#Cafes#Restaurants
OsHPt0PIOQg4JlDBQp4K7Q,6ePRi5wSunkoU3rY53IjXg,Italian#Pizza#Restaurants
wDRoHMshLFqzqtMI-I0EhA,IW_VUR9OcaXUjmwYTxvFbA,Auto Repair#Automotive#Auto Parts & Supplies#Car Dealers
beXVbUApKqAOfbvSeWW0Jg,KEc3uvSXB0sxIVsGBLuu5g,Food#Coffee & Tea
kBmJx_RCp5f52I2_-IiLTQ,UEUQS4z7s-DRzQjky92KYw,Mexican#Restaurants
beXVbUApKqAOfbvSeWW0Jg,pPJyi5kggzTibTxSPuRd0g,Sushi Bars#Japanese#Restaurants
JHmO-lVrHA0njKnQnZ8qLA,8y7nroBIJviPOWani5Idqg,Hotels & Travel#Event Planning & Services#Hotels
HGCWB7t-fCCYYVVjQXEk3A,QzXFdjIbFRGhzL83goPPLA,Bars#Asian Fusion#American (New)#Nightlife#Restaurants
XSh3IjfPwaNwsZ2PWCk2sg,RbkLrCFa2AL1K25GCnNK8A,Hotels & Travel#Arts & Entertainment#Casinos#Event Planning & Services#Hotels
wCe1P5UwV-uyNHpUhESHZg,7y0wP1OgxZyoAN1kvg0k0w,Hotels & Travel#Transportation
O-4iy2zJ0X6QFP62aV2YbQ,ke4Z0EyWNoapfLnXEvheVw,Mexican#Restaurants
jPzb5ZfPFrU_R9gA6YZPLw,LnCbpxipUrA165zvfaePGw,Food#Burgers#Food Trucks#Restaurants
5R1OCck1Cs4qhCtKb3EYfA,3FHNMT6IX1j60cutRxkKCQ,Bars#Breakfast & Brunch#Pubs#Tapas/Small Plates#Nightlife#Restaurants
5KbXjDK1p4vOa9BVcHwkew,k-ClRJsPYJtsI8NRtiLdTA,Fish & Chips#British#Restaurants
RVdu0KTvpYc4kS1umR51JQ,M_b7P2IBKY6zyqDmXE1kJA,Restaurants#American (New)#Italian
S9lac_PPAISov03qrHkpMw,QuV2ioyLpqfMu_YTjqBG-w,Italian#Mediterranean#Restaurants
5KbXjDK1p4vOa9BVcHwkew,Rv4qCLFJpkgrnVE1uxnnXA,Pubs#Bars#Nightlife
HGCWB7t-fCCYYVVjQXEk3A,FzXI6ohEMiLhZsvVZSStCw,Active Life#Paintball
TuNa_1uw11vrjAOoAidXNg,MfQWzjADewehBJaK4oGj3g,Nightlife#Korean#Asian Fusion#Karaoke#Restaurants
ugmuDQA9sxfH5g8Chu81jQ,OPGmc2oC8PG8pDBYLB2FDQ,Hair Salons#Beauty & Spas
JHJEFAqtOnY8slBb5vmUHQ,lfmvmL6iHq9-IDABLeNsuw,Bars#Performing Arts#Arts & Entertainment#Nightlife#American (New)#Restaurants
5KbXjDK1p4vOa9BVcHwkew,EIRWO8LORufGJL5qHK6yIA,Breakfast & Brunch#French#Restaurants
u1IC7xORIeAkJEt6n4p3_A,vwZ15OkVO6PemAe87k0M-Q,Bars#American (New)#Nightlife#Lounges#Restaurants
opGgsDuWqzdNpZq2thH6eA,4bEjOyTaDG24SY5TxsaUNQ,Breakfast & Brunch#Steakhouses#French#Restaurants
5KbXjDK1p4vOa9BVcHwkew,3ReIdkMJl9A_W74YioWBqg,Day Spas#Eyelash Service#Beauty & Spas#Nail Salons
TuNa_1uw11vrjAOoAidXNg,IRYj1b1-mlXqABVsl9SoqQ,Mexican#Restaurants
ruqAS0sS_fLmMiioU-0JCg,iixLYn4-HwBUvgS4wQmQKQ,Buffets#Chinese#Restaurants
sXAUznp3YfH2y3grRpcrjA,U8RIy3r16fmuneo2stVuOA,Sushi Bars#Restaurants
opGgsDuWqzdNpZq2thH6eA,hD2hwdb_Ps8jUpo5T3PMvw,Shopping Centers#Shopping
E2lWb8LwuoS3psOrRWJ_zg,btp0v0Qk7CmOmuMdt3aqkQ,Seafood#Steakhouses#Restaurants
OsHPt0PIOQg4JlDBQp4K7Q,aO_3R3GnxhzCf0_PsyRJ6Q,Automotive#Gas & Service Stations
KXKJAYfAiZhefzxxcV4KTA,_YyzQyz2gwXKRfL6aorfIg,Tires#Automotive
yKtZQZvw6d9GjxXekw-YbA,fq3TCuBBaKtRnibcSoRHpQ,American (New)#Restaurants
sQTvI2N_WT5m60ZUbTMCMQ,hfpt_mEBm1ZLI2zrqfXwaA,Food#Coffee & Tea
k76kzMRJ3XsH7NxBKTL6KA,gY6AhCy22G9yFlAGu9vMFQ,American (New)#Restaurants
sQTvI2N_WT5m60ZUbTMCMQ,wlgcuh3b49oRfVe2LQYTRA,Food#Coffee & Tea#American (Traditional)#Cafes#Restaurants
qZg6ce1KWSOuoLVTXN5gzA,OaaMudpf-T2OFpW1k7-2kg,Bakeries#Food#Pizza#Restaurants
mECTORoeUYDA5ryP-vy5cw,JokKtdXU7zXHcr20Lrk29A,Bars#Food#Breweries#Pubs#Nightlife#American (New)#Restaurants
RGC3gUcBVZqOy-b2XSRgGw,I_uPMXGwbB7qwz_ILPT1TA,Food#Ice Cream & Frozen Yogurt
5KbXjDK1p4vOa9BVcHwkew,PvuNuoiI9Vsx_fcfCw8HQw,French#Restaurants
5KbXjDK1p4vOa9BVcHwkew,Ap8PKUIMWrTw3ozg55niOw,Pizza#Salad#Restaurants
yKtZQZvw6d9GjxXekw-YbA,HYpT5dJ9cG__LwaPNaoKeQ,Active Life#Martial Arts#Fitness & Instruction
sQTvI2N_WT5m60ZUbTMCMQ,E7nk0lC317pGxMX56gvaVQ,Bars#American (Traditional)#Nightlife#Restaurants
PidC27_pvyzf6uXusEw5Hg,NsnZ5GhagXBKrCOelxVQxw,Bars#Asian Fusion#Nightlife#Restaurants
1FwKj8ERL202O-lufw7pTg,UEUQS4z7s-DRzQjky92KYw,Mexican#Restaurants
_UgwaKf3xgDCq4qrMvW2dQ,xNpCyxm1nD82gxGQ-WFDIw,Mexican#Restaurants
AwrQk8EJwmjxNsjL-r1J_g,oItw_hRhH-FQjbXD-BR3Cg,Mexican#Restaurants
3ldgW4k0G1Eb6ZpQJcKdUA,9_HsCjEELmey18A-gTzZKw,American (New)#Mexican#Restaurants
gdNJzMx9duSZCBdiU1QKFg,GbEOmf5k73r_UJWjchrHOg,Breakfast & Brunch#Cafes#Restaurants
fcQ5lQsu14Qxnj7ivyWAdw,fiakOloknJZNUDD-yly-Ew,Beauty & Spas#Nail Salons
FYIGxT2lW9Uou5nGHIpFDA,i3ogCoQD4MY_sR73GCk-BA,Restaurants#Pizza#Italian
opGgsDuWqzdNpZq2thH6eA,adv1-kA6k2N4L-e4zULuNg,Casinos#Bars#Arts & Entertainment#Nightlife
-WzIWzkzphRlNJjGePUFCQ,fq3TCuBBaKtRnibcSoRHpQ,American (New)#Restaurants
yKtZQZvw6d9GjxXekw-YbA,V3lQtk1LgwAEcF9j-BzchA,Italian#Pizza#Sandwiches#Restaurants
E_6E0U8d_L4uxaURifx0dQ,UCzaZ2z6E-Xy8Vn-MLpIrw,Live/Raw Food#Vegetarian#Vegan#Restaurants
SUNNu9ntyVnIuLPifs_xiw,M_b7P2IBKY6zyqDmXE1kJA,Restaurants#American (New)#Italian
LVlJlu4V79o1_4VnUbcAhA,PN3aQAH-RONnK-ahkNm0xg,American (Traditional)#Restaurants
RGC3gUcBVZqOy-b2XSRgGw,I_uPMXGwbB7qwz_ILPT1TA,Food#Ice Cream & Frozen Yogurt
_GEe5rYBAsuwLyhkINbFRg,Vq-bivbURTyPP5XqM8HR5g,Wine Bars#Bars#Thai#Nightlife#Restaurants
__JgFZ3h2LyTMTtZdf0HYw,4bEjOyTaDG24SY5TxsaUNQ,Breakfast & Brunch#Steakhouses#French#Restaurants
SZlA4_pJQVc691JZze0daQ,6pYw00nLXSFTAsFngeB2Pw,Food#Bakeries#Breakfast & Brunch#Coffee & Tea#Restaurants
OTmTECE5vrHyw2aOZppjyQ,URtEW6ohaqIZX47csgCPZA,Canadian (New)#Restaurants
tLukZV1TMzBFqJZgVTIeEg,IRYj1b1-mlXqABVsl9SoqQ,Mexican#Restaurants
Cp8eHeD6urh_Z6uIMeprpA,c2tBD54cvHNkwVYbX6pHlw,Auto Repair#Automotive#Auto Detailing
sQTvI2N_WT5m60ZUbTMCMQ,CdqTxe171tKTOkk8T15GGA,Food#Coffee & Tea
9LIL7m1Q0wtzHnKWpZxuQw,UY0bwSVLcBcMTCYbUycdMw,Sushi Bars#Restaurants
sQTvI2N_WT5m60ZUbTMCMQ,_FXql6eVhbM923RdCi94SA,Seafood#Caribbean#Hawaiian#Restaurants
EnHqqZEEvQ6UKFjoCqQ0Ag,kR3oSjHYfP7gmn9DYPJ2uQ,Skin Care#Shopping#Cosmetics & Beauty Supply#Beauty & Spas
fcQ5lQsu14Qxnj7ivyWAdw,RvrwLdirQ5w27dk3qkX2JA,Bars#Sports Bars#Nightlife
opGgsDuWqzdNpZq2thH6eA,VacTfvlgsLYgUjSdxEv6Yw,"Food#Beer, Wine & Spirits#Nightlife#Hotels & Travel"
5R1OCck1Cs4qhCtKb3EYfA,dfgENBCAfScTV-iA7sEDmA,Breakfast & Brunch#French#Restaurants
jPzb5ZfPFrU_R9gA6YZPLw,f7JGLeuEb8eq3mB9oPC9Pg,Mexican#Restaurants
RVdu0KTvpYc4kS1umR51JQ,KIn7cdF9NCjhYF6SfFFUVQ,Buffets#Restaurants
RGC3gUcBVZqOy-b2XSRgGw,aveIcuM9T4bZeWaqU46K3g,Doctors#Health & Medical
jPzb5ZfPFrU_R9gA6YZPLw,s8NoNszuW8_CSFQjLApRuQ,Pizza#Restaurants
sXAUznp3YfH2y3grRpcrjA,EyRgnvfjPbbWZSaNaiZ7Dw,Veterinarians#Pets
5R1OCck1Cs4qhCtKb3EYfA,6q-iamhlaSMMzEdRpZr8fA,Pubs#Bars#Nightlife#Lounges#Comedy Clubs
yKtZQZvw6d9GjxXekw-YbA,4mZ__NR8jLD1k0rYpSbplA,Steakhouses#Restaurants
gdNJzMx9duSZCBdiU1QKFg,ccC2ecxVEOF4t_kKce6f8Q,Fast Food#Mexican#Restaurants
wDRoHMshLFqzqtMI-I0EhA,RzeSLH5y_2q6BIBUjxr61g,Movers#Home Services
sQTvI2N_WT5m60ZUbTMCMQ,JokKtdXU7zXHcr20Lrk29A,Bars#Food#Breweries#Pubs#Nightlife#American (New)#Restaurants
JkHLxF7VYgfLRQ6DTUSewQ,mp-ll4k-NYN4zbViXMI-CA,Hotels & Travel#Event Planning & Services#Hotels
gdNJzMx9duSZCBdiU1QKFg,AOLx-xr0JsFhle4K6xRHfQ,Food
RVdu0KTvpYc4kS1umR51JQ,svoahtxi05CncY954Vu-uw,Burgers#Restaurants
h-8gdwYYOAj76Dy1ae2xUg,z3hkiTwFgHx6P8IGUABfuw,Arts & Entertainment#Music Venues#Seafood#Nightlife#Steakhouses#Restaurants
G3p3IeyFksX1RHX1uldr6Q,k_PKdh26zn3MHUYVTkozwQ,Beauty & Spas#Health & Medical#Medical Spas
beXVbUApKqAOfbvSeWW0Jg,QR8WItkeeoKwng308YDVgA,American (New)#Restaurants
L2ow5vGZ8wk8qCTbS6FYkw,Rg744deP3H-bw2iVkJJzbg,Bars#Food#Ethnic Food#Specialty Food#Nightlife#Karaoke
JkHLxF7VYgfLRQ6DTUSewQ,7_zL7NX_rDFwhbLp98PwZg,Sushi Bars#Japanese#Restaurants
JHJEFAqtOnY8slBb5vmUHQ,jYienP7gRebjRXlwqhAC7Q,Asian Fusion#Japanese#French#Restaurants
5KbXjDK1p4vOa9BVcHwkew,HrgYs4zFklk7KKxm4CQUkA,Tex-Mex#Restaurants
TP0y9rkXli4PSht1TIEoFA,e2oXHln1dux2ACR0QQGoeQ,American (New)#Restaurants
opGgsDuWqzdNpZq2thH6eA,xheJf3qJLLf4-Ck8ay3GFg,Mexican#Restaurants
WNQTKto7nXi-0OMntLN5AQ,L9UYbtAUOcfTgZFimehlXw,Food#Coffee & Tea#American (New)#Restaurants
PDNQ2tOM42mBankQlPlUYg,BFNxp4o6gJEO5PjD13PFKw,Arts & Entertainment#Cinema
p4w1SWmsIa5uwDZX7pkvxA,-AAig9FG0s8gYE4f8GfowQ,Pizza#Italian#Sandwiches#Restaurants
5KbXjDK1p4vOa9BVcHwkew,dfgENBCAfScTV-iA7sEDmA,Breakfast & Brunch#French#Restaurants
PDNQ2tOM42mBankQlPlUYg,sMU8K-iUc9VewvH91Ep9_A,Breakfast & Brunch#Restaurants
5R1OCck1Cs4qhCtKb3EYfA,EIRWO8LORufGJL5qHK6yIA,Breakfast & Brunch#French#Restaurants
5KbXjDK1p4vOa9BVcHwkew,gzF-Uu4MUFZPOrQ3xi2sXg,Restaurants
JHvRXb1_COw77caLFwHing,qcF6SHcGRML7gihfpNl_zA,Skin Care#Eyelash Service#Hair Removal#Waxing#Beauty & Spas
HGCWB7t-fCCYYVVjQXEk3A,s9XNBJAZ3ZcNW5u8BRZXuw,Nightlife#Seafood#Mexican#Bars#Restaurants
RGC3gUcBVZqOy-b2XSRgGw,rQHVRgfplyxyMIX2n3F23Q,Food#Coffee & Tea
-PSVFsBK65mT513q4xpYXg,bYhpy9u8fKkGhYHtvYXazQ,Hotels & Travel#Arts & Entertainment#Casinos#Event Planning & Services#Hotels
fwfe84Tz_msfmzdJGeh50g,M_b7P2IBKY6zyqDmXE1kJA,Restaurants#American (New)#Italian
JHmO-lVrHA0njKnQnZ8qLA,glalhJa7wFWPIoJLBvKGfQ,Mexican#Restaurants
JHmO-lVrHA0njKnQnZ8qLA,MPyxaNVuWlAQqJ0iKV5rQw,Restaurants#Buffets#Italian
0j5iiqxIB4qOTP3PEbwi8Q,DXkZRQ--Utku9wYbZ97Yjw,Nightlife#Dance Clubs
5KbXjDK1p4vOa9BVcHwkew,frWjb-zQ4Orfx4r6uZ7DOA,Canadian (New)#Restaurants
sQTvI2N_WT5m60ZUbTMCMQ,ntJAKLAq0cXzzdFgPoo0Iw,Bars#Dive Bars#Burgers#Nightlife#Chicken Wings#Restaurants
RGC3gUcBVZqOy-b2XSRgGw,FYTSjP3qXlZTX1fgnAxHiQ,Food#Ice Cream & Frozen Yogurt
yKtZQZvw6d9GjxXekw-YbA,sWvfFtgSQCALAE_yPYVaTA,Seafood#American (New)#Restaurants
P3d2r9w679AwQhpIXdOs8A,acHIQr4uUTXFIHVKeY7m6g,Nightlife#Dance Clubs
p4w1SWmsIa5uwDZX7pkvxA,lhRUPA28pRIN1MnllN-o9g,Vegetarian#Indian#Restaurants
-do_kKxTmp8Q0uzMehryxg,NJK4GW2pjvmvAPQ_OXMHQw,Mediterranean#Middle Eastern#Restaurants
h6NYTy3uhoRKZTPjh_7LQA,TMtCpiYifCAzTDfIDyvY0A,Breakfast & Brunch#Restaurants
E2lWb8LwuoS3psOrRWJ_zg,kgt13cwkP03NS8FJKgdLMw,Ramen#Japanese#Restaurants
beXVbUApKqAOfbvSeWW0Jg,tH1tmaFaK3W4r9C0uFucRw,Bars#Nightlife#Karaoke
uvtdvk58xUrRxNsAY4BJfA,tz7FNOyd0QY6f1vudq8Wlg,Active Life#Gyms#Fitness & Instruction
s9jRfcyUjjsU3kPmXt504w,YacTpiq0ZptFcXD7I-kdGA,Steakhouses#Restaurants
MCN8CRg6cLQjELgzDbT8Sg,bMwh9bnSFWyme_UgoIme4w,Hotels & Travel#Event Planning & Services#Hotels
-PSVFsBK65mT513q4xpYXg,xheJf3qJLLf4-Ck8ay3GFg,Mexican#Restaurants
opGgsDuWqzdNpZq2thH6eA,wV_LfsaGrxv4S6eiW9N8Eg,Bars#Nightlife
P3d2r9w679AwQhpIXdOs8A,BSN7or2JJyk23S38_rorYA,Nightlife#Dance Clubs
RGC3gUcBVZqOy-b2XSRgGw,HZo4NMFuPO3qqJ5aUfF3JA,Weight Loss Centers#Beauty & Spas#Health & Medical#Medical Spas
sQTvI2N_WT5m60ZUbTMCMQ,D0K0F0RREGO8LeW16IlZlQ,Hair Salons#Beauty & Spas
3M0nfSDXwlyDSE5ofPcXsg,Jm11YjDPn9l74pbodGQ8hQ,Arts & Entertainment#Resorts#Casinos#Event Planning & Services#Hotels & Travel#Hotels
dqLezFoE9GXe16uVgx6t9A,vbpxMcMUT3ElIh1w-CkKXA,Local Services#Shipping Centers#Printing Services#Notaries
PDNQ2tOM42mBankQlPlUYg,dC6rDLGRoch_DOZk5kLkWw,Food#Health Markets#Grocery#Specialty Food
1FwKj8ERL202O-lufw7pTg,WIlklz81DcJkUWJThbnJbQ,Beauty & Spas#Resorts#Event Planning & Services#Hotels & Travel#Day Spas#Hotels
0j5iiqxIB4qOTP3PEbwi8Q,NGJDjdiDJHmN2xxU7KauuA,Hotels & Travel#Arts & Entertainment#Casinos#Event Planning & Services#Hotels
LMyj91LmDAT8Tbn1IZ_Cyw,9u4SqxRrVxE_yfzK6LBJkw,Hair Salons#Beauty & Spas#Nail Salons
5R1OCck1Cs4qhCtKb3EYfA,ZCvIIuB5M-e7yXjjgVWQug,French#Restaurants
sQTvI2N_WT5m60ZUbTMCMQ,L9UYbtAUOcfTgZFimehlXw,Food#Coffee & Tea#American (New)#Restaurants
sQTvI2N_WT5m60ZUbTMCMQ,plUplIUImgNy9JfZPt2i-w,Health & Medical#Dentists#General Dentistry
JHmO-lVrHA0njKnQnZ8qLA,_1N_1j6LNfs6fSgTkhbXzw,Specialty Schools#Education#Cooking Schools
beXVbUApKqAOfbvSeWW0Jg,mDdqifuTrfXAOfxiLMGu5Q,Steakhouses#Restaurants
sQTvI2N_WT5m60ZUbTMCMQ,YJoph5UiUZ3BEb49vyFAuQ,Bars#American (New)#Nightlife#Restaurants
GchVPk7u0ZkGw0MxX2v5-w,A0PkGrAXBE9dCLbmg06KVg,Local Services#Appliances & Repair
GchVPk7u0ZkGw0MxX2v5-w,uexzjtrZerK-zxuexAZMkA,Hair Salons#Hair Stylists#Beauty & Spas
HMy_9ZQwCFruLgKTS6cvIw,9XX-sxaDFXlXO65WnuS65Q,Restaurants#Italian
-O4hVLxftHqWJCDFTJ_M2g,MPyxaNVuWlAQqJ0iKV5rQw,Restaurants#Buffets#Italian
0j5iiqxIB4qOTP3PEbwi8Q,sIyHTizqAiGu12XMLX3N3g,Buffets#Restaurants
E2lWb8LwuoS3psOrRWJ_zg,PiV7phVMf7glDpH_J630Ow,Seafood#Cajun/Creole#Restaurants
EnHqqZEEvQ6UKFjoCqQ0Ag,QiNZaRZ5RmCfYiBgk3ApEQ,Steakhouses#Seafood#American (Traditional)#Restaurants
JHJEFAqtOnY8slBb5vmUHQ,tFU2Js_nbIZOrnKfYJYBBg,Breakfast & Brunch#French#Restaurants
ruqAS0sS_fLmMiioU-0JCg,TK_lMcyHcIo_LDhrldUMcg,Bars#Nightlife#Lounges
iY6EykDh__SR_nd_L75T1A,J7LSbTM72--2497H1kkM0w,Burgers#American (New)#Restaurants
kvBdoupoP2tcnz2bTghajw,e2oXHln1dux2ACR0QQGoeQ,American (New)#Restaurants
beXVbUApKqAOfbvSeWW0Jg,y6NFyThUU2wtTNa0rX7VrA,American (New)#Caribbean#Restaurants
sQTvI2N_WT5m60ZUbTMCMQ,GRFunGSUZxXqNCZJrN8Oow,Breakfast & Brunch#American (New)#Restaurants
1FwKj8ERL202O-lufw7pTg,Ht8mXLuqJSTPrU9kvzosUA,Nightlife#Dance Clubs
JHmO-lVrHA0njKnQnZ8qLA,glalhJa7wFWPIoJLBvKGfQ,Mexican#Restaurants
6WNo-6ZYdE35t6ylj5QFQw,rBwn_YaGkRVyeD_2KJuOMQ,Shopping#Luggage
JHJEFAqtOnY8slBb5vmUHQ,Vq-bivbURTyPP5XqM8HR5g,Wine Bars#Bars#Thai#Nightlife#Restaurants
LMyj91LmDAT8Tbn1IZ_Cyw,JpHE7yhMS5ehA9e8WG_ETg,Arts & Entertainment#Resorts#Casinos#Event Planning & Services#Hotels & Travel#Hotels
opGgsDuWqzdNpZq2thH6eA,bYhpy9u8fKkGhYHtvYXazQ,Hotels & Travel#Arts & Entertainment#Casinos#Event Planning & Services#Hotels
wDRoHMshLFqzqtMI-I0EhA,_vaTn-ZLWHaJ2p5PpXDQqw,Masonry/Concrete#Home Services
jXLLpmzWV52mFyUnWDaiRg,uLzb0n7iYbaTZKeta1RDAw,Mexican#Restaurants
kBmJx_RCp5f52I2_-IiLTQ,On4td0EA1SASDkBe2HU-JQ,Automotive#Fashion#Shopping#Motorcycle Dealers#Men's Clothing
3M0nfSDXwlyDSE5ofPcXsg,eR5_1M5Xs71K0WEfRtbbRQ,Museums#Arts & Entertainment
5KbXjDK1p4vOa9BVcHwkew,FLdXCNVr62rufmbW4tB8JA,French#Restaurants
ruqAS0sS_fLmMiioU-0JCg,WgUttlJ3fyoOuHNf2T64QA,Food#Coffee & Tea
WNQTKto7nXi-0OMntLN5AQ,VYTcwwOBIfuVrwcaj3JWGg,Food#Coffee & Tea#Arts & Entertainment#Music Venues#Nightlife
hJpNDnhudE8XA17iSfTuWQ,gz8n52JKrmTKn8-DNsbkeg,Skin Care#Day Spas#Permanent Makeup#Beauty & Spas
kt5MZ368FrySa2S0PB1yqg,gW1lj6cWpyLq5PmuvWTCNA,Hotels & Travel#Car Rental
MHHWFUc6sFKJZ36BzR-7FA,jOuERtVf7QePnK9ZcdH5XA,Food#Desserts#American (Traditional)#Restaurants
rjvmNQr0t1FfD8lGeYnaTQ,vB-sXh9XzFZSy_LAdjAKZQ,Italian#Pizza#Restaurants
opGgsDuWqzdNpZq2thH6eA,NGJDjdiDJHmN2xxU7KauuA,Hotels & Travel#Arts & Entertainment#Casinos#Event Planning & Services#Hotels
h3apVYKTdF9cVo0Pt5bbCg,DZV4_RtUL6hlreDupspxpQ,Hotels & Travel#Caterers#Event Planning & Services#Party & Event Planning#Hotels
sQTvI2N_WT5m60ZUbTMCMQ,jCUOqEK8Lln0PK3GeUl6IQ,Food#Coffee & Tea
gdNJzMx9duSZCBdiU1QKFg,LGLOtR2e-v74MpB51k8hxQ,Buffets#Chinese#Restaurants
HGCWB7t-fCCYYVVjQXEk3A,igD5We_87JFrtaaR7bh_Xg,Bakeries#Food#Restaurants#Pizza#Italian
JHJEFAqtOnY8slBb5vmUHQ,n_QAA70NrnGIsGjog3HF_Q,Restaurants
u1IC7xORIeAkJEt6n4p3_A,IYYaa562PybzXf8tQnT17w,Arts & Entertainment#Stadiums & Arenas
sQTvI2N_WT5m60ZUbTMCMQ,OdD1GuGNQ64ssJmMJ_D9RQ,Bars#Nightlife#Lounges
5R1OCck1Cs4qhCtKb3EYfA,HrgYs4zFklk7KKxm4CQUkA,Tex-Mex#Restaurants
RGC3gUcBVZqOy-b2XSRgGw,lTCh8i2d06lXbhW4trjcjA,
1FwKj8ERL202O-lufw7pTg,DXkZRQ--Utku9wYbZ97Yjw,Nightlife#Dance Clubs
ZTgiBdgMNRFtwDSNHzLJuw,gEgPQbren8pHSEQp3vqprg,Sushi Bars#Restaurants
5KbXjDK1p4vOa9BVcHwkew,XctcN3fW92EygkHta8zolA,Cafes#Restaurants
k1pFZD8AZKdOEhDuk2N2Yg,tFU2Js_nbIZOrnKfYJYBBg,Breakfast & Brunch#French#Restaurants
qZFluhXr_eiFYlzUaGB2bw,tbTc7094zwIYAtU-0NkU4w,Arts & Entertainment#Resorts#Casinos#Event Planning & Services#Hotels & Travel#Hotels
1FwKj8ERL202O-lufw7pTg,Ht8mXLuqJSTPrU9kvzosUA,Nightlife#Dance Clubs
mECTORoeUYDA5ryP-vy5cw,jEWfxxA_kjeJE_Z_ku3zLA,Nightlife#Bars#Sushi Bars#Japanese#Restaurants
RVdu0KTvpYc4kS1umR51JQ,y4Qyf4PPSOHdQFTr3Zi_KA,Arts & Entertainment#Beauty & Spas#Casinos#Event Planning & Services#Hotels & Travel#Day Spas#Hotels
5KbXjDK1p4vOa9BVcHwkew,WOeC8Yh3bJUxK4gtfD8WEg,Bars#Nightlife#Canadian (New)#Restaurants
egDAFVZOfAwn7dgSLKrViw,SLyacGZuMUKqrQJEooSkjw,Buffets#Restaurants
GPUFCQxex8RG7IGJtwlYvg,vcZWlI0eHiGwlUfP-5Ov8Q,Thai#Restaurants
5KbXjDK1p4vOa9BVcHwkew,vkic5HG5ma8hC5Be2iyb4A,Active Life#Yoga#Fitness & Instruction
h3apVYKTdF9cVo0Pt5bbCg,DZV4_RtUL6hlreDupspxpQ,Hotels & Travel#Caterers#Event Planning & Services#Party & Event Planning#Hotels
ruqAS0sS_fLmMiioU-0JCg,uYVdp5LfCbX8S8ytnhdk-g,Food#Ice Cream & Frozen Yogurt
E_6E0U8d_L4uxaURifx0dQ,ncrkmZc8VkcBjmjN-BDHBg,Food#American (Traditional)#Food Trucks#Restaurants
EDnVzHgmIqab0BylfA_QgA,laXUQEKQ4kAO_V7lF2KvGg,Food#Coffee & Tea
gdNJzMx9duSZCBdiU1QKFg,kc2BVXCX6GA3DVrMKERbGw,Food#Coffee & Tea
PDNQ2tOM42mBankQlPlUYg,eltTG6JOr9cg5FRAgGy8Jw,American (New)#Cafes#Restaurants
IrsaCOc33wEgU8VriaCd0g,erBoatMp1TFi_NPxTigp6w,Mexican#Restaurants
E_6E0U8d_L4uxaURifx0dQ,tSg2obMM9BsSwPY1EFaHig,Latin American#Restaurants
WNQTKto7nXi-0OMntLN5AQ,rgizde3reoXusbR1Oug37A,Chinese#Restaurants
h-8gdwYYOAj76Dy1ae2xUg,R-3BEMIs0SfR8ilLu2vvjw,Fondue#Restaurants
jPzb5ZfPFrU_R9gA6YZPLw,UDChQLVuz9SYgyyIoEqDkQ,Dive Bars#Bars#American (New)#Nightlife#Restaurants
OsHPt0PIOQg4JlDBQp4K7Q,zOJdahdaaLz7DpfdIucslg,Gluten-Free#Asian Fusion#Chinese#Restaurants
fwfe84Tz_msfmzdJGeh50g,bYhpy9u8fKkGhYHtvYXazQ,Hotels & Travel#Arts & Entertainment#Casinos#Event Planning & Services#Hotels
kt5MZ368FrySa2S0PB1yqg,oj-eefEzfr1jmuqLCg-c5Q,Plumbing#Home Services
h3apVYKTdF9cVo0Pt5bbCg,DZV4_RtUL6hlreDupspxpQ,Hotels & Travel#Caterers#Event Planning & Services#Party & Event Planning#Hotels
4UP8EypkGKrFX02Lru51rA,oqL1hS934CyZc3msupQNRA,Nightlife#Bars#American (Traditional)#Sports Bars#Restaurants
mECTORoeUYDA5ryP-vy5cw,ppdupQ9MnvVtDTWWW59NKg,Arts & Entertainment#Performing Arts#Nightlife#Comedy Clubs
AaOsXAL7OS8h9Z30-ykzvA,Y-9dJvw-J2d9QKfuL7mKgA,Breakfast & Brunch#Sandwiches#Salad#Restaurants
kt5MZ368FrySa2S0PB1yqg,aAfkYj5DacC91NqPpU4iow,Barbeque#Restaurants
KRr9NiuqUXO4_aRHshIlvQ,PAnAESd31yKDVtmxc_w8BA,Pet Services#Pet Training#Pet Boarding/Pet Sitting#Pets
ruqAS0sS_fLmMiioU-0JCg,ol4PYid0NR_nSRW7hKhkjA,Auto Repair#Automotive#Car Dealers
cnIv2B1KXq5fXZIMkjQBCQ,x4uJ23SPIOPkCxJkmv7msw,Mexican#Restaurants
tLukZV1TMzBFqJZgVTIeEg,SLyacGZuMUKqrQJEooSkjw,Buffets#Restaurants
RGC3gUcBVZqOy-b2XSRgGw,y3VxXuUvrhURPbvtF0GkTg,Food#Coffee & Tea
8fLv6G8qLw7Yzvfsss9uEA,gRx81xfSAoT-fNYIqBYolA,Chicken Wings#Barbeque#Restaurants
mECTORoeUYDA5ryP-vy5cw,R8VwdLyvsp9iybNqRvm94g,Food#Grocery
1FwKj8ERL202O-lufw7pTg,eWPFXL1Bmu1ImtIa2Rqliw,Hotels & Travel#Event Planning & Services#Hotels
u1IC7xORIeAkJEt6n4p3_A,zruUQvFySeXyEd7_rQixBg,Burgers#Breakfast & Brunch#Restaurants
yKtZQZvw6d9GjxXekw-YbA,rsuG_AxScO3txHe8Shq3wg,Auto Repair#Automotive#Auto Parts & Supplies#Oil Change Stations
3ldgW4k0G1Eb6ZpQJcKdUA,uJYw4p59AKh8c8h5yWMdOw,Hotels & Travel#Arts & Entertainment#Casinos#Event Planning & Services#Hotels
5KbXjDK1p4vOa9BVcHwkew,rB0TShTW9fhGiSTPkXFO2A,Canadian (New)#Restaurants
sQTvI2N_WT5m60ZUbTMCMQ,eTbtfgUtfewdncgVf2CbWw,Bakeries#Food#Cafes#Restaurants
n9gwi14CEzv2g_1eX6E3Zw,MOGTTOxyzfDCj2W5RR7__Q,Chinese#Restaurants
sQTvI2N_WT5m60ZUbTMCMQ,ppdupQ9MnvVtDTWWW59NKg,Arts & Entertainment#Performing Arts#Nightlife#Comedy Clubs
sQTvI2N_WT5m60ZUbTMCMQ,ntN85eu27C04nwyPa8IHtw,Breakfast & Brunch#Restaurants
Wa6_qFbxSCz4Y07D7jYrGg,SYqTY48DJa1cYhglvmgvsQ,Hotels & Travel#Event Planning & Services#Hotels
5KbXjDK1p4vOa9BVcHwkew,pUkPK2qNEuN5YGJvgZ_N1g,Wine Bars#Bars#Nightlife
HGCWB7t-fCCYYVVjQXEk3A,5BnsHDWrt2z-9d8AzSgkjw,Restaurants#Italian
PDNQ2tOM42mBankQlPlUYg,nbZ1mNMpcV0Oef6O3tJnCw,Local Services#Pest Control
fwfe84Tz_msfmzdJGeh50g,eWPFXL1Bmu1ImtIa2Rqliw,Hotels & Travel#Event Planning & Services#Hotels
1FwKj8ERL202O-lufw7pTg,NGJDjdiDJHmN2xxU7KauuA,Hotels & Travel#Arts & Entertainment#Casinos#Event Planning & Services#Hotels
JHJEFAqtOnY8slBb5vmUHQ,vEeiIvhzz29rO-6EPFqkjQ,American (New)#Restaurants
-PSVFsBK65mT513q4xpYXg,dxY1gl4cO4-rEFATCkFUIw,Bars#American (Traditional)#Nightlife#Restaurants
-do_kKxTmp8Q0uzMehryxg,rps5P0fU_jADKrcULxYq-g,Food#Desserts#Coffee & Tea#Cafes#Restaurants
vWHwaURfZJaPh5WwnD0fow,udbtIhRXiehLRQoMFKvNXg,Museums#Arts & Entertainment
PMRXC5OYgUDW4ZqWlR0HQg,vvur3WRgdgnhYoMUXMZZCA,Hawaiian#Restaurants
TP0y9rkXli4PSht1TIEoFA,hNx3bcJT3pjw2hxbLhMy8g,Seafood#Fish & Chips#Hawaiian#Restaurants
RVdu0KTvpYc4kS1umR51JQ,xfwRO04KbAPw_zRotCfWQQ,Breakfast & Brunch#American (New)#Restaurants
fwfe84Tz_msfmzdJGeh50g,NGJDjdiDJHmN2xxU7KauuA,Hotels & Travel#Arts & Entertainment#Casinos#Event Planning & Services#Hotels
kt5MZ368FrySa2S0PB1yqg,pzknmlIv7BLZurzglS-lng,Burgers#American (Traditional)#Restaurants
oyy8RCoeqc7B-txmIfI7Cg,xfwRO04KbAPw_zRotCfWQQ,Breakfast & Brunch#American (New)#Restaurants
SnFlVM1Col4PzJqWFHuafw,pGUS_Bj4FH-RfLozQslfjA,Mexican#Restaurants
5KbXjDK1p4vOa9BVcHwkew,v_6CD6s41aBPvygTJRK5ew,Restaurants#Italian
sQTvI2N_WT5m60ZUbTMCMQ,Y-9dJvw-J2d9QKfuL7mKgA,Breakfast & Brunch#Sandwiches#Salad#Restaurants
opGgsDuWqzdNpZq2thH6eA,oFvqnJNxHguP3iBj-jZUGA,Arts & Entertainment#Street Art#Performing Arts#Public Services & Government#Landmarks & Historical Buildings
RGC3gUcBVZqOy-b2XSRgGw,NTUbGXK1sqrBtplXUteEfg,Food#Coffee & Tea
JHmO-lVrHA0njKnQnZ8qLA,rN2cc4bXzlsIxhWEoolBTg,Greek#American (Traditional)#Mediterranean#Restaurants
dqLezFoE9GXe16uVgx6t9A,kexliej8P8VdxXfMQmyfyQ,Hotels & Travel#Event Planning & Services#Hotels
HGCWB7t-fCCYYVVjQXEk3A,XWvht_1ZLdK7EHJ3jo4q0g,American (Traditional)#Restaurants
grE68aFQOIIJTJVJomeVkg,sIyHTizqAiGu12XMLX3N3g,Buffets#Restaurants
SQbpBKyd68rFn9W0U31rrA,xfwRO04KbAPw_zRotCfWQQ,Breakfast & Brunch#American (New)#Restaurants
opGgsDuWqzdNpZq2thH6eA,f6KGn2OyYk6LWEpnUEgerw,Bars#American (Traditional)#Caribbean#Nightlife#Restaurants
SUNNu9ntyVnIuLPifs_xiw,_tS0YfyPDxOXxrN4Kl2_HQ,Food#Ice Cream & Frozen Yogurt#Restaurants#Italian
5KbXjDK1p4vOa9BVcHwkew,a10w4h3lThE36odbkfhXQA,Portuguese#Restaurants
3FZRZAoeZIrQTWW42LBQVw,qMkIbQFrROSnPaQ7at85-w,Arts & Entertainment#Music Venues#Parks#Nightlife#Active Life#Botanical Gardens
IrsaCOc33wEgU8VriaCd0g,bfLg7K6yIRWMzb6eAu1o_A,Museums#Arts & Entertainment#Art Galleries#Shopping
egDAFVZOfAwn7dgSLKrViw,sIyHTizqAiGu12XMLX3N3g,Buffets#Restaurants
TAOh2xfjvOh7AdtxxXIoFA,f6KGn2OyYk6LWEpnUEgerw,Bars#American (Traditional)#Caribbean#Nightlife#Restaurants
kt5MZ368FrySa2S0PB1yqg,jR8B83Mf2vKMN_1BTHBs0g,Fast Food#Asian Fusion#Chinese#Restaurants
E_6E0U8d_L4uxaURifx0dQ,rn-ND7iPITFdwoZDhwRO9A,Active Life#Recreation Centers
opGgsDuWqzdNpZq2thH6eA,uqxw_geNvNbPs_YY4TAhCA,Mexican#Restaurants
5KbXjDK1p4vOa9BVcHwkew,yQnn-x7aJUIfptlSB7vxEw,Barbeque#Restaurants
kt5MZ368FrySa2S0PB1yqg,jR8B83Mf2vKMN_1BTHBs0g,Fast Food#Asian Fusion#Chinese#Restaurants
sQTvI2N_WT5m60ZUbTMCMQ,lktu5JPDlQUG-7cV7gOzDQ,Food#Coffee & Tea
5KbXjDK1p4vOa9BVcHwkew,tpRK6D0EnL7F9CLTWsD6Zw,Korean#Restaurants
5KbXjDK1p4vOa9BVcHwkew,tpRK6D0EnL7F9CLTWsD6Zw,Korean#Restaurants
E_6E0U8d_L4uxaURifx0dQ,uOBZaacwzRWwdWPDuns2aQ,Active Life#Parks
RVdu0KTvpYc4kS1umR51JQ,zehWnERkDLir0lDxxtVXPQ,Buffets#Restaurants
5KbXjDK1p4vOa9BVcHwkew,xrZXfIzFEHxhEiQzvOlNNQ,French#Restaurants
kt5MZ368FrySa2S0PB1yqg,sItVzx2HXJ0Ew5xbpW9Axg,Italian#Pizza#Restaurants
bFbFbu5L_iQvK2zZ4Loyyg,-6j-KVPPX2xKjCruNO2HnQ,Breakfast & Brunch#Sandwiches#Restaurants
5KbXjDK1p4vOa9BVcHwkew,-741QDj3PPLD4Jii2yMU-w,Arts & Entertainment#American (Traditional)#Music Venues#Venues & Event Spaces#Nightlife#Restaurants#Event Planning & Services
5KbXjDK1p4vOa9BVcHwkew,vNGkEUtsi3sKXVUrEwNMyA,Japanese#Restaurants
opGgsDuWqzdNpZq2thH6eA,jf67Z1pnwElRSXllpQHiJg,Hotels & Travel#Airports
cbgoX-riB3fTiz1xCfhe9w,4VSP4PlU1r09iSC4BLr6tQ,Food#Tea Rooms#Coffee & Tea
5KbXjDK1p4vOa9BVcHwkew,anYjyT9mLZthbJxXk-spfw,Active Life#Yoga#Fitness & Instruction
sQTvI2N_WT5m60ZUbTMCMQ,4VSP4PlU1r09iSC4BLr6tQ,Food#Tea Rooms#Coffee & Tea
gdNJzMx9duSZCBdiU1QKFg,4ekebF5aRXdIFeHkDggixg,Delis#Sandwiches#Salad#Restaurants
EnHqqZEEvQ6UKFjoCqQ0Ag,ovJ8lmxElBispG-vvVm9qQ,Hair Salons#Beauty & Spas
PDNQ2tOM42mBankQlPlUYg,rLdvS0eAbyKKrKF2X9SSdA,Active Life#Paintball#Shopping#Sporting Goods
IrsaCOc33wEgU8VriaCd0g,1yu0qoB0jgN-PADZX92RoA,Museums#Arts & Entertainment
JHmO-lVrHA0njKnQnZ8qLA,fkqBI_mFvucpqVtB2Uj4Tg,Art Schools#Specialty Schools#Art Classes#Venues & Event Spaces#Event Planning & Services#Education
lJpI1H9DSOSEL41Yx_dbcg,rfDTJLEwZZ2EGOZiTDdqQA,Bars#Sushi Bars#Japanese#Nightlife#Lounges#Restaurants
RGC3gUcBVZqOy-b2XSRgGw,43-ZFTDOv-Dja7ghu0iVuQ,Department Stores#Fashion#Shopping
O-4iy2zJ0X6QFP62aV2YbQ,pD7NzevYc6HhYu13wCxiiw,Breakfast & Brunch#Creperies#Restaurants
E_6E0U8d_L4uxaURifx0dQ,uXdeVAU0vRpDlbzzKoRAwQ,"Food#Health Markets#Grocery#Beer, Wine & Spirits#Specialty Food"
gdNJzMx9duSZCBdiU1QKFg,732Z5HGLEEBjAgXxfnuXlQ,Delis#Sandwiches#Restaurants
TP0y9rkXli4PSht1TIEoFA,7SO_rX1F6rQEl-5s3wZxgQ,Pizza#Restaurants
sQTvI2N_WT5m60ZUbTMCMQ,7SO_rX1F6rQEl-5s3wZxgQ,Pizza#Restaurants
0IwfLSb_--I6Gi_DDw5xuw,GbqCJoOJlZgJLMqZ_F8dPg,Automotive
kt5MZ368FrySa2S0PB1yqg,PXXFn3kalXTgaWwndlQWHw,Vegetarian#Buffets#Salad#Restaurants
RGC3gUcBVZqOy-b2XSRgGw,sxA4uk-dyRB0p3osperSvw,Medical Centers#Health & Medical
G3p3IeyFksX1RHX1uldr6Q,GfsKIdURweoz-V_X0XwoPA,Mexican#Restaurants
1FwKj8ERL202O-lufw7pTg,34uJtlPnKicSaX1V8_tu1A,Hotels & Travel#Arts & Entertainment#Casinos#Event Planning & Services#Hotels
5R1OCck1Cs4qhCtKb3EYfA,O5Wbhz5jH4VL70WNsYEGnw,Restaurants#Italian
5KbXjDK1p4vOa9BVcHwkew,SuQE8pJKzCTDE9Zi-atXWw,Food#Farmers Market
5KbXjDK1p4vOa9BVcHwkew,5nTvNRLnpeFKd6r0X2af3w,Bakeries#Food#Cafes#Sandwiches#Restaurants
E2lWb8LwuoS3psOrRWJ_zg,CsNOg-u_wCuXSt9Z-xU92Q,Active Life#Gyms#Fitness & Instruction
mECTORoeUYDA5ryP-vy5cw,U7jOpLoLXYphWFqS6JO8mQ,Bars#Sports Bars#Nightlife#American (New)#Chicken Wings#Restaurants
zDHnudjDDf2bqBC31a_6LA,aatc6tdT8rXUenDEM-L8BQ,Mexican#Restaurants
O-4iy2zJ0X6QFP62aV2YbQ,d4bXnfbUc1SLu3jVcr-w1w,Breakfast & Brunch#Cafes#Comfort Food#Restaurants
KXKJAYfAiZhefzxxcV4KTA,lUE101QlZgUuIl8OdIzITQ,Shopping#Home Decor#Home & Garden
mECTORoeUYDA5ryP-vy5cw,ZkGOd4MaUMO-gNKoqsBQ0Q,Local Services#Shipping Centers
s9jRfcyUjjsU3kPmXt504w,bGj9djLAHjNR55OXsIDrAg,Breakfast & Brunch#American (New)#Cafes#Restaurants
PDNQ2tOM42mBankQlPlUYg,nUUYvBafHYH-O4Pht6lgsw,Fast Food#American (New)#Salad#Restaurants
RoDtzh9AMHXOpMy_Rnlsbw,u4-WTQ20yLInpCWHIA4fag,French#Restaurants
5KbXjDK1p4vOa9BVcHwkew,5nTvNRLnpeFKd6r0X2af3w,Bakeries#Food#Cafes#Sandwiches#Restaurants
_UgwaKf3xgDCq4qrMvW2dQ,yjYJLEaMvuCaQ2L5b5O2MQ,Beauty & Spas#Nail Salons
5R1OCck1Cs4qhCtKb3EYfA,5nTvNRLnpeFKd6r0X2af3w,Bakeries#Food#Cafes#Sandwiches#Restaurants
opGgsDuWqzdNpZq2thH6eA,HMr_KN63f6MzM9h8Wije3Q,Arts & Entertainment#Resorts#Casinos#Event Planning & Services#Hotels & Travel#Hotels
OsHPt0PIOQg4JlDBQp4K7Q,OEQMqI-duBA1gbBFzi7BPw,Burgers#American (Traditional)#Restaurants
E2lWb8LwuoS3psOrRWJ_zg,UZbkczu-KJour2Hgt_5WWw,Arts & Entertainment#Cinema
JHJEFAqtOnY8slBb5vmUHQ,aGbjLWzcrnEx2ZmMCFm3EA,Burgers#Restaurants
kt5MZ368FrySa2S0PB1yqg,iJe2cL7QEKOn5GxK76-HhQ,Arts & Entertainment#Cinema
dqLezFoE9GXe16uVgx6t9A,6LM_Klmp3hOP0JmsMCKRqQ,Arts & Entertainment#Resorts#Casinos#Event Planning & Services#Hotels & Travel#Hotels
dqLezFoE9GXe16uVgx6t9A,6LM_Klmp3hOP0JmsMCKRqQ,Arts & Entertainment#Resorts#Casinos#Event Planning & Services#Hotels & Travel#Hotels
gdNJzMx9duSZCBdiU1QKFg,b9dv7Q0A8XcJ44zzTDJeYw,Mexican#Restaurants
PkXO-06_DU1UBzEqYrXNmw,Xhg93cMdemu5pAMkDoEdtQ,American (Traditional)#Restaurants
kt5MZ368FrySa2S0PB1yqg,qlJlPnKx6C52r3LDp3lGFQ,Burgers#Restaurants
5KbXjDK1p4vOa9BVcHwkew,eIJ_QlrzHYmfpGSEOZnHTg,Breakfast & Brunch#Restaurants
5R1OCck1Cs4qhCtKb3EYfA,udjYDN0FvSs6bNGXb7Ppcw,Food#Bagels
KRr9NiuqUXO4_aRHshIlvQ,l4i3mCcuSgY4-qMqmUUlXw,DJs#Wedding Planning#Event Planning & Services#Party & Event Planning
p4w1SWmsIa5uwDZX7pkvxA,rDvz5jX65gpfONFu7er9Tw,Breakfast & Brunch#Mexican#Restaurants
QmykNasFdjyaQ3K8oME3fQ,Ji9do_t3PkwWVjGHTnjPuQ,Banks & Credit Unions#Financial Services
lh2FzRt5pua81yESc3rYYw,NDAu_IhHaSs8AfYgfwcK3Q,Arts & Entertainment#Performing Arts
beXVbUApKqAOfbvSeWW0Jg,WxZ6sKV4fbsu8EbvbZXgEA,Auto Repair#Automotive#Body Shops
yKtZQZvw6d9GjxXekw-YbA,l5FvoKE2-k6JpGVuhH9YVA,Sushi Bars#Japanese#Restaurants
h6NYTy3uhoRKZTPjh_7LQA,vRRg08Km36GBI7P7PJBn8A,Asian Fusion#Restaurants
Wmmg0qLos4aG9iAsiLopbQ,9vXfiGOnlPsiEE3PotbHcg,Food#Farmers Market
opGgsDuWqzdNpZq2thH6eA,Is2HMdKwvOtSi91uidycUg,Landmarks & Historical Buildings#Public Services & Government
5KbXjDK1p4vOa9BVcHwkew,ZJ3Qhy9uD0agerUh56XwhQ,Bakeries#Coffee & Tea#Specialty Food#Food#Asian Fusion#Health Markets#Restaurants
RGC3gUcBVZqOy-b2XSRgGw,eBClDovrCCwqqstSHaiiJg,Sporting Goods#Shopping
5KbXjDK1p4vOa9BVcHwkew,kiPyMzPiWcPipjQSzIN7Wg,Day Spas#Massage#Beauty & Spas
zDHnudjDDf2bqBC31a_6LA,07bUAD_qnrJAXvJou_ls4g,Tapas/Small Plates#Tapas Bars#Restaurants
h6NYTy3uhoRKZTPjh_7LQA,UrIT2RgnCg3OfRBr9J3h7w,Poutineries#Restaurants
5R1OCck1Cs4qhCtKb3EYfA,ea3whivAzTgVReb155HWLw,Sushi Bars#Restaurants
5KbXjDK1p4vOa9BVcHwkew,nMJwdBbLDD1O9i4WIEGxHg,Restaurants#Canadian (New)#Italian
RGC3gUcBVZqOy-b2XSRgGw,BPd8u3a0QMB9nHnfts84LA,Hobby Shops#Electronics#Shopping#Mobile Phones
y_WjZN6Pmmnxl0-1Cmeh-w,aMxgW7RlILhF-vcD-sihhg,Bars#American (New)#Nightlife#Restaurants
FYIGxT2lW9Uou5nGHIpFDA,aTaU8iXEhZcFaX8lIHD2-g,Food#Farmers Market
TUdj4cSkqyYhNa6U4QKoyA,oQfCWtO5-fGTFrclqCJOwg,Breakfast & Brunch#Restaurants
PDNQ2tOM42mBankQlPlUYg,qOokDDfRzqGfAN5NMjTDTA,Food#Coffee & Tea
PC1gZs5Ns5Wd76CL1MMsmQ,DL_TRPudyWNgzWISXGBWOA,Active Life#Dog Parks#Parks
SZlA4_pJQVc691JZze0daQ,MDIjfewJQr8YvEDDLeiGsw,Restaurants
YfvxQPmYw1n2EjilV33oJA,uoLKwJeH1rWeqUC0D1La2g,Bars#American (Traditional)#Nightlife#Restaurants
vWHwaURfZJaPh5WwnD0fow,7LnQx6Wzi-omWMYodmrEGQ,Sushi Bars#Japanese#Restaurants
gdNJzMx9duSZCBdiU1QKFg,JbJDlfcnYiyZRXeHQcAVjg,American (Traditional)#Fast Food#Chicken Wings#Restaurants
JHJEFAqtOnY8slBb5vmUHQ,KcWUgvyl64Vp0PfwQRZQkw,Brasseries#Restaurants
S9lac_PPAISov03qrHkpMw,WhF9dNmm43ybMhvi0cOcWA,Caribbean#Restaurants
sMQN2pjtzQ4JWwyytTzylQ,jfXqQTdxktGQWkELGn-7wA,Food#Desserts#American (Traditional)#Restaurants
JHJEFAqtOnY8slBb5vmUHQ,-5RN56jH78MV2oquLV_G8g,Bars#Nightlife#French#Restaurants
JkHLxF7VYgfLRQ6DTUSewQ,kfveMaYeaqGVNHPitT4O9w,Bars#Greek#Middle Eastern#Nightlife#Hookah Bars#Restaurants
yKtZQZvw6d9GjxXekw-YbA,M41We2n-OmmYzo8FcvW-1A,Home Services#Heating & Air Conditioning/HVAC
ruqAS0sS_fLmMiioU-0JCg,nIbXwOgthwCM2dhug5viCA,Thai#Chinese#Restaurants
sQTvI2N_WT5m60ZUbTMCMQ,-TulfYOMTsrqVVvjJRk4Fg,Burgers#Fast Food#Restaurants
JHJEFAqtOnY8slBb5vmUHQ,OHsuvX4rmhnPvvRBb-QK7A,Food#Breakfast & Brunch#Coffee & Tea#Sandwiches#Restaurants
gdNJzMx9duSZCBdiU1QKFg,rZbHg4ACfN3iShdsT47WKQ,American (New)#Barbeque#Restaurants
gdNJzMx9duSZCBdiU1QKFg,-TulfYOMTsrqVVvjJRk4Fg,Burgers#Fast Food#Restaurants
MHHWFUc6sFKJZ36BzR-7FA,UW2gLVwL3qbh9ucnb0JjyQ,Live/Raw Food#Seafood#Restaurants#Italian
QmykNasFdjyaQ3K8oME3fQ,McikHxxEqZ2X0joaRNKlaw,Food#American (Traditional)#Breweries#Restaurants
PC1gZs5Ns5Wd76CL1MMsmQ,f_c-oCyA1_mf6X7Ei4kYyQ,Active Life#Dog Parks#Parks#Pets
kt5MZ368FrySa2S0PB1yqg,0HEy3L3_pVscARQ-ogen9w,Arts & Entertainment#Cinema
SnFlVM1Col4PzJqWFHuafw,NZ4V7rl7nevZPOdySgg-iw,Buffets#Restaurants
TUdj4cSkqyYhNa6U4QKoyA,hcfmPMH8-5ZI85R6dztehA,Nightlife#Breakfast & Brunch#American (Traditional)#Bars#Restaurants
SnFlVM1Col4PzJqWFHuafw,DacThWipWrC-vx0jIelNGw,Chinese#Restaurants
opGgsDuWqzdNpZq2thH6eA,SIZSmYHcecXQjQpOFl2jOQ,Karaoke#Nightlife
E_6E0U8d_L4uxaURifx0dQ,l_-TG9r5iarCepEzXlsHkA,"Food#Beer, Wine & Spirits#Grocery"
pLcP3RU8x8mDik8RbNdSxw,NQckvD23dSMqnVOItPz3ZQ,Hotels & Travel#Event Planning & Services#Hotels
fwfe84Tz_msfmzdJGeh50g,cV_5KCcKlAvPWR2nSoRFeQ,Adult Entertainment#Nightlife
QmykNasFdjyaQ3K8oME3fQ,NeUf9FyCCIN4MEseNyqkXQ,Chicken Wings#Sandwiches#Restaurants
MCN8CRg6cLQjELgzDbT8Sg,iqLVYrsX25XUZqjRjvbYfg,Bakeries#Food#Coffee & Tea#Desserts
sMQN2pjtzQ4JWwyytTzylQ,WtTF0_KzCunQpRoojbF5ww,Waxing#Beauty & Spas#Hair Removal#Eyelash Service#Nail Salons
ALRA9kCnP7G1KtI3uF4Hwg,_w0yT0UTDGAYtpHnYM5oeA,Health & Medical#Dentists#General Dentistry
gdNJzMx9duSZCBdiU1QKFg,lAGDe38li38fyf971CslFg,Chinese#Restaurants
0ngeArh5L-OOi4kU6Vpzyw,qevmzWge4_pwJ6SB8gKTiA,American (New)#Mexican#Latin American#Restaurants
fcQ5lQsu14Qxnj7ivyWAdw,r-EVE9HYaJoaaK82Z7o3OQ,Pet Groomers#Pet Services#Pets
u1IC7xORIeAkJEt6n4p3_A,ttLtsY1S2Angj6hvEdzwDQ,Bars#Food#Desserts#Nightlife#Lounges#American (New)#Restaurants
OsHPt0PIOQg4JlDBQp4K7Q,yyahaWDdm1Hes99IZkSJPg,Burgers#Fast Food#Restaurants
TUdj4cSkqyYhNa6U4QKoyA,09qbRt7T0CHWwUTHW1VO0w,Arts & Entertainment#Cinema
QmykNasFdjyaQ3K8oME3fQ,-1lvWTeV_RI1weq8FTnPRw,Dive Bars#Bars#Nightlife
E_6E0U8d_L4uxaURifx0dQ,8KOLZg1wAm9MrlsTS8r69A,Food#Specialty Food#Grocery#Meat Shops#Bakeries
sQTvI2N_WT5m60ZUbTMCMQ,24V8QQWO6VaVggHdxjQQ_A,Wine Bars#Bars#American (New)#Nightlife#Restaurants
RGC3gUcBVZqOy-b2XSRgGw,FgGzepxrqNEE5NWjL-HodQ,Shopping#Guns & Ammo
hJpNDnhudE8XA17iSfTuWQ,SKO1eefgrWjTp-NnsS7FTw,Mediterranean#Restaurants
JHmO-lVrHA0njKnQnZ8qLA,YgqexscIgNoMBAO__J97zA,Bakeries#Food#Coffee & Tea#Desserts
MCN8CRg6cLQjELgzDbT8Sg,_3f8o37w8APyUboCgwPkhA,Restaurants#Pizza#Gluten-Free#Italian
fEq90oZ0zAJQ1IYr6y-fnw,dc7olLILeMKBiX8TNV-KdA,Shopping#Bars#Vape Shops#Nightlife#Lounges
hzHZ0l7Ji08Vk-LGzHlpPA,ebkqKvSjKobyVbPvL_m7qA,Arts & Entertainment#Art Galleries#Shopping
vCVEMcE-Fa7lgyspI7_0Wg,k6VudAy2OTZgy66ZfUNz6w,Cajun/Creole#Seafood#Restaurants
I_PExywZx-6K9g8_3wJOng,qNoNkF1yJctEs3t40VkX4w,Bars#Mexican#Nightlife#Restaurants
9LIL7m1Q0wtzHnKWpZxuQw,5Kp6LQt0pg8f3jVFCQ3NWA,Canadian (New)#Restaurants
xM3rGaY9jOP0EWj4mqjksg,CfdCsVkzzM3uJKGRzA0ufA,Steakhouses#Seafood#American (Traditional)#Restaurants
sQTvI2N_WT5m60ZUbTMCMQ,JuBygU4XDjqSeW9okyvbsQ,Food#Sandwiches#Coffee & Tea#Breakfast & Brunch#Restaurants
sQTvI2N_WT5m60ZUbTMCMQ,VVeogjZya58oiTxK7qUjAQ,Italian#Pizza#Sandwiches#Restaurants
kt5MZ368FrySa2S0PB1yqg,_lSxbRoxUls1MtWpHTxVfA,Health & Medical#Dentists#General Dentistry
-DNzQR_cabOhaK6qGlPYNA,biXLMur413xefp9eTGnUGg,American (Traditional)#Restaurants
PkXO-06_DU1UBzEqYrXNmw,U6stLkJYMaro_4-3KI84_Q,Bars#Steakhouses#American (Traditional)#Nightlife#Restaurants
KQKHQ9gnTWe5koFsUs_B8Q,e28OcmhM_6xQZ9eSzMyGMA,American (New)#Sandwiches#Salad#Restaurants
sQTvI2N_WT5m60ZUbTMCMQ,LzNJLEIo4gh-X_rmDkNkNg,Pubs#Bars#American (New)#Nightlife#Restaurants
TUdj4cSkqyYhNa6U4QKoyA,flhtNfzfGiySc3g_U0Zkeg,Food#Desserts#Cupcakes#Bakeries
MHHWFUc6sFKJZ36BzR-7FA,lL-JpRu9pv_TMVTQ3L13sQ,Hotels & Travel#Arts & Entertainment#Casinos#Event Planning & Services#Hotels
kBmJx_RCp5f52I2_-IiLTQ,W9C2sZjq-1QQOJrTSFxUQA,Breakfast & Brunch#Comfort Food#Restaurants
TUdj4cSkqyYhNa6U4QKoyA,flhtNfzfGiySc3g_U0Zkeg,Food#Desserts#Cupcakes#Bakeries
5KbXjDK1p4vOa9BVcHwkew,W9C2sZjq-1QQOJrTSFxUQA,Breakfast & Brunch#Comfort Food#Restaurants
hJpNDnhudE8XA17iSfTuWQ,xK8WQgALQcP673X3VGvqOA,Pubs#Bars#Nightlife#Irish#Restaurants
gdNJzMx9duSZCBdiU1QKFg,CMaJOgyFrX6gVsJGm1bttw,Soup#American (New)#Sandwiches#Restaurants
hJpNDnhudE8XA17iSfTuWQ,RhbOa-Ft3sZB4B_1j5LfyA,Breakfast & Brunch#Sandwiches#Restaurants
mECTORoeUYDA5ryP-vy5cw,TMZP6Kzkc-FytzgbgIC9JA,Sushi Bars#Japanese#Restaurants
kBmJx_RCp5f52I2_-IiLTQ,oa3ovO0rfYYVnVCkhaZvUA,Active Life#Gun/Rifle Ranges
fcQ5lQsu14Qxnj7ivyWAdw,okkYiecsFMXhZt9PQVxEgQ,Steakhouses#Restaurants#Italian
opGgsDuWqzdNpZq2thH6eA,8drHO8RJB_LqlO47BwX9_A,Shopping#Cosmetics & Beauty Supply#Beauty & Spas
yKtZQZvw6d9GjxXekw-YbA,Pg8OPh1D2ws0xO-I-8ppoA,Bars#Restaurants#Nightlife#Pizza#Sports Bars#Italian
yKtZQZvw6d9GjxXekw-YbA,Pg8OPh1D2ws0xO-I-8ppoA,Bars#Restaurants#Nightlife#Pizza#Sports Bars#Italian
yKtZQZvw6d9GjxXekw-YbA,Pg8OPh1D2ws0xO-I-8ppoA,Bars#Restaurants#Nightlife#Pizza#Sports Bars#Italian
82FpMLXF8cqL9b1SRQUn1w,jEPe6jQ5K9zfnLudnnzO2Q,Steakhouses#Restaurants
fwfe84Tz_msfmzdJGeh50g,xfgwIpB-xeMpRCvltRIQAw,Bars#Dance Clubs#Nightlife#Lounges
E2lWb8LwuoS3psOrRWJ_zg,RSBdMDQF1nYBj7NTUCdxHw,Ethiopian#Restaurants
uvtdvk58xUrRxNsAY4BJfA,-bVdJy8LzTNRYcSxJt2XNw,Home Services#Heating & Air Conditioning/HVAC
beXVbUApKqAOfbvSeWW0Jg,84bLhe1aibxNmogtqSO4rA,Bars#American (New)#Nightlife#Lounges#Restaurants
JHmO-lVrHA0njKnQnZ8qLA,cc9KFNrcY9gA7t9D1a3FpA,Sandwiches#Restaurants
t9og2fAzRP9s1o37O2TR6A,5rDosv0aIBhLg81IMSnlyg,Steakhouses#Restaurants
beXVbUApKqAOfbvSeWW0Jg,AeuSMT-IX9fl4qNUEU1abQ,Sushi Bars#Japanese#Restaurants
E_6E0U8d_L4uxaURifx0dQ,n_ZuPiXgB4YPbkuSINpabQ,Burgers#Sushi Bars#Asian Fusion#Restaurants
JHJEFAqtOnY8slBb5vmUHQ,5rDosv0aIBhLg81IMSnlyg,Steakhouses#Restaurants
EnHqqZEEvQ6UKFjoCqQ0Ag,LU104E_cw363KBSmDZ1gkw,Flooring#Home Services#Carpeting
MCN8CRg6cLQjELgzDbT8Sg,zMa6YoEekpABg1HZnnTZdg,American (New)#Sushi Bars#Restaurants
dqLezFoE9GXe16uVgx6t9A,9Ywv51iCL_QSIGzFA6vqiQ,Museums#Arts & Entertainment#Arcades
5R1OCck1Cs4qhCtKb3EYfA,M4nhX3-dTwTG1H7kc8cdZw,Men's Clothing#Fashion#Shopping#Shoe Stores
kt5MZ368FrySa2S0PB1yqg,GdkVUWDdJshfdCmTBKoB6g,Burgers#Fast Food#Restaurants
Dk-af6CeM7-iTa0ZuN7Org,O7wbTu7MK4PM1ctRhtn-sw,Fast Food#American (New)#Chicken Wings#Restaurants
RGC3gUcBVZqOy-b2XSRgGw,LYCWdmuBQlMxMmzlK43zDQ,"Videos & Video Game Rental#Books, Mags, Music & Video#Shopping"
kK8O58-dReUyERRfYvikAA,XWba5MyoeqGBKaiHH6YWDg,
kt5MZ368FrySa2S0PB1yqg,cZaY9ZVMuAuDWT1NsWwU3A,Food#Donuts#Coffee & Tea
sQTvI2N_WT5m60ZUbTMCMQ,eGevCRobYnA_HSj60sEWvQ,Vegetarian#American (New)#Mediterranean#Restaurants
k76kzMRJ3XsH7NxBKTL6KA,uKSX1n1RoAzGq4bV8GPHVg,American (New)#Restaurants
kt5MZ368FrySa2S0PB1yqg,3q5THOSYu39imB8tGaieCQ,Buffets#Restaurants
5KbXjDK1p4vOa9BVcHwkew,243uuzEhSnmGeBYtXflv6w,Food#Coffee & Tea#French#Restaurants
cRH7ARRsrWD_q8xJHaU31Q,IRQNOYVE-AyjCliZa_3R_A,Filipino#Restaurants
p4w1SWmsIa5uwDZX7pkvxA,PLLM4iCYy_OrT-53IZ88Qw,Food#Desserts#Vegetarian#Indian#Restaurants
5KbXjDK1p4vOa9BVcHwkew,KOe4T7YvrdZpHlj2jkG_Jw,Day Spas#Nail Salons#Massage#Beauty & Spas
sQTvI2N_WT5m60ZUbTMCMQ,s1dex3Z3QoqiK7V-zXUgAw,Wine Bars#Bars#American (New)#Nightlife#Restaurants
ruqAS0sS_fLmMiioU-0JCg,kErvQNp9FZK4-TE3CqHXFQ,Food#Coffee & Tea
HGCWB7t-fCCYYVVjQXEk3A,Yhfp_vgnh_GirZGeVhj7Gg,Arts & Entertainment#Cinema
yKtZQZvw6d9GjxXekw-YbA,Fb5ZL4VkO2Yfx-bNJexAkg,Italian#Pizza#Restaurants
ruqAS0sS_fLmMiioU-0JCg,kErvQNp9FZK4-TE3CqHXFQ,Food#Coffee & Tea
yKtZQZvw6d9GjxXekw-YbA,o4sPw8nO7GcNyKilWBgK_Q,Restaurants#Italian
JHmO-lVrHA0njKnQnZ8qLA,GYbCN7JrNHnjhjAIrwrrqw,Greek#Restaurants
k76kzMRJ3XsH7NxBKTL6KA,pwpl-rxwNRQdgqFz_-qMPg,Italian#Pizza#Sandwiches#Restaurants
sQTvI2N_WT5m60ZUbTMCMQ,O02Z6r9mO3tORhD5ynWPeg,Food#Coffee & Tea
E_6E0U8d_L4uxaURifx0dQ,qYuSoVBS_1i_btLzFefDeg,Pizza#Restaurants
lJpI1H9DSOSEL41Yx_dbcg,uqisw8IXD5ZutU4MT2MQVw,Bars#Japanese#Asian Fusion#Nightlife#Lounges#Restaurants
kt5MZ368FrySa2S0PB1yqg,3kO4E-C1V_rKQ5Uq16_BPA,Delis#Restaurants
JHJEFAqtOnY8slBb5vmUHQ,wfofFm3AqtyK_ujNQ893mQ,French#Restaurants
5KbXjDK1p4vOa9BVcHwkew,LsJw-AqIy0fqrdQz2SI64w,Canadian (New)#Event Planning & Services#Venues & Event Spaces#Restaurants
beXVbUApKqAOfbvSeWW0Jg,8zL3V6rmFKBess3bxPLAoQ,American (Traditional)#American (New)#Buffets#Restaurants
HskXoBXl3xbNxy-ICZIHTA,OE7RmfGvpvSEv4g3xDKfSw,Breakfast & Brunch#American (Traditional)#Cafes#Restaurants
yKtZQZvw6d9GjxXekw-YbA,JHxgSsY5oPI0dA3Mnc2yCQ,Roofing#Home Services
p4w1SWmsIa5uwDZX7pkvxA,4YjDL9M47wdfBWzSOrR1Vg,Auto Repair#Automotive
RGC3gUcBVZqOy-b2XSRgGw,PwTFdwexXt1ieYoMfN2j6g,Mexican#Restaurants
TUdj4cSkqyYhNa6U4QKoyA,TBByB05sSZZb4vyGCt6Uuw,Food#Desserts#Bakeries
9573HtChJn7xAdtbb2BOuQ,9KkLGqb-D-cysttQzIl6ww,Italian#American (New)#Restaurants
HHKL2BK4PkyQoUn-et3gNQ,js12Ev8XKlh36gZeGHzQnA,Dim Sum#Chinese#Restaurants
JHmO-lVrHA0njKnQnZ8qLA,efsZLHcgEn7hKGB05B569Q,Bars#American (Traditional)#Sports Bars#Nightlife#Chicken Wings#Restaurants
TUdj4cSkqyYhNa6U4QKoyA,l6JjVKeofCbW2wdT-80lPg,Bakeries#Food
TP0y9rkXli4PSht1TIEoFA,m-A_VpcQEG3WGMTY2MGAkA,Beauty & Spas#Nail Salons
nJZvdr_6I6VXsjToPe8b4w,nRofvVC891VnsRJbacEsDw,Bakeries#Food#Cupcakes#Event Planning & Services#Caterers
JHmO-lVrHA0njKnQnZ8qLA,oly8HWl0MtuioFWKPINIFg,American (Traditional)#Comfort Food#Restaurants
dqLezFoE9GXe16uVgx6t9A,AwD1zOOhuCAbAPSaZ4X68Q,Active Life#Gun/Rifle Ranges
G3p3IeyFksX1RHX1uldr6Q,LGkmUbymiNBzX99MxVAV4g,Pizza#Restaurants
SQbpBKyd68rFn9W0U31rrA,hdqQWR9uUX4opynP3uuJlw,Hotels & Travel#Event Planning & Services#Hotels
VY0rGnx4n_TrJFxIVMPjtw,63d0v1xVzzahrY7zLoy_FA,Breakfast & Brunch#American (Traditional)#Restaurants
PC1gZs5Ns5Wd76CL1MMsmQ,2RnxG9v0fPngep5M2UajyA,Active Life#Dog Parks#Parks
5R1OCck1Cs4qhCtKb3EYfA,FZU2p0NhLj4YQdAB9UO-9g,Women's Clothing#Men's Clothing#Fashion#Shopping
sQTvI2N_WT5m60ZUbTMCMQ,bcBMAa0UQpNLFvvdZ4dxtQ,Bars#Gay Bars#Nightlife
CvRLrapGuX02gscMc1-5UA,4dIzmqGAhFIcuHfI8CySig,British#Restaurants
opGgsDuWqzdNpZq2thH6eA,vT12uXtdBQ10_lUcl-M40w,Hotels & Travel#Arts & Entertainment#Casinos#Event Planning & Services#Hotels
48Ms1jbWPWkBoFB6mkkd_w,cuuJJ9W3tYmidaLvlzvPBw,Skin Care#Hair Salons#Beauty & Spas
5R1OCck1Cs4qhCtKb3EYfA,FAnPu3HT2wMCzn1ewgph3A,"Used, Vintage & Consignment#Fashion#Shopping"
tcg8ZN8Pq2oLRYZX7dga7Q,vaq5SJubaZjIoGhgkwxxUA,American (New)#Restaurants
SnFlVM1Col4PzJqWFHuafw,GlqlOFwVW51wc2hUbWnXnA,Doctors#Health & Medical
nJVPrzJ2YrefsmYVnf_6ug,kApEJUSJFIMitJRrhutAfA,Hotels & Travel#Event Planning & Services#Hotels
gdNJzMx9duSZCBdiU1QKFg,Q-hSD_aOi3S5s2zWNvwD4w,Hair Salons#Beauty & Spas#Nail Salons
beXVbUApKqAOfbvSeWW0Jg,z0t16bRro5x1hOZXzJ0NIw,Restaurants#Italian
Wa6_qFbxSCz4Y07D7jYrGg,5o5MLNPmAeakGgdqeGyMvw,Wine Bars#Bars#American (New)#Nightlife#Restaurants
sQTvI2N_WT5m60ZUbTMCMQ,V6BYjHM9SnXscfkln3hCdA,Breakfast & Brunch#American (Traditional)#Restaurants
E_6E0U8d_L4uxaURifx0dQ,85HH9yRM4G-9BCRtDf-94g,Food#Juice Bars & Smoothies#Sandwiches#Restaurants
JHJEFAqtOnY8slBb5vmUHQ,h83afVKqwBlA-zOu_vdtEw,Tapas Bars#Japanese#Restaurants
tcg8ZN8Pq2oLRYZX7dga7Q,YNQgak-ZLtYJQxlDwN-qIg,Buffets#Restaurants
PidC27_pvyzf6uXusEw5Hg,YNQgak-ZLtYJQxlDwN-qIg,Buffets#Restaurants
PDNQ2tOM42mBankQlPlUYg,PR5KXD_CUs05MGfXJ8CS3Q,Gluten-Free#Asian Fusion#Chinese#Restaurants
PidC27_pvyzf6uXusEw5Hg,YNQgak-ZLtYJQxlDwN-qIg,Buffets#Restaurants
RWbffWlqNrodxry7FA1Pqg,T9KdqrCEiONd6kCX8oyStw,Shopping#Drugstores#Health Markets#Specialty Food#Weight Loss Centers#Food#Health & Medical
JHJEFAqtOnY8slBb5vmUHQ,YNQgak-ZLtYJQxlDwN-qIg,Buffets#Restaurants
kt5MZ368FrySa2S0PB1yqg,vhcxvOt4CiF8_NJz5kOHRg,Food#Specialty Food#Chocolatiers & Shops
HGCWB7t-fCCYYVVjQXEk3A,YhAhV2e0DpZG4325FLAoRQ,Active Life#Gyms#Fitness & Instruction
kt5MZ368FrySa2S0PB1yqg,vhcxvOt4CiF8_NJz5kOHRg,Food#Specialty Food#Chocolatiers & Shops
JHJEFAqtOnY8slBb5vmUHQ,AfWA8pvc5AW9QafQLui7_A,Greek#Mediterranean#Diners#Restaurants
sQTvI2N_WT5m60ZUbTMCMQ,CdOb17NMdQpagyHSxv5mHA,Buffets#Mongolian#Chinese#Restaurants
dqLezFoE9GXe16uVgx6t9A,TKE1cyjs9q2PoqMXqEV9Eg,Hotels & Travel#Arts & Entertainment#Casinos#Event Planning & Services#Hotels
Is3AtgapMDm5KYi0WQF8kQ,_6gbnNRPIc-iM_0cBLPX1A,Greek#Restaurants
JHJEFAqtOnY8slBb5vmUHQ,Xy54RutATsomOfsDVR-m_Q,Breakfast & Brunch#Steakhouses#Restaurants
JHJEFAqtOnY8slBb5vmUHQ,_6gbnNRPIc-iM_0cBLPX1A,Greek#Restaurants
gdNJzMx9duSZCBdiU1QKFg,gLYvUx5L7awAUIxK7rp6NA,Delis#Fast Food#Sandwiches#Restaurants
9I16D_l2hLwFEyKmkWmJaQ,2rMf09C5uXzF2qIlD5F5BA,Mexican#Restaurants
u1IC7xORIeAkJEt6n4p3_A,cp39VURFby4A6u9m2It8jg,Burgers#American (New)#Restaurants
u1IC7xORIeAkJEt6n4p3_A,1QxI2IP3XfndDAY8nyZVPg,Local Services#Computers#Shopping#IT Services & Computer Repair#Mobile Phones
YfvxQPmYw1n2EjilV33oJA,hw2Z9dfAYa06UDzQkOi7gg,Day Spas#Tanning#Beauty & Spas
rO0Ytm0UMpOlZIJYRfgJRA,FrKvNNMrAh3cENZdb2vqNQ,Vietnamese#Restaurants
RGC3gUcBVZqOy-b2XSRgGw,nzyXuP1HlxvUxZTLNJWiBg,Pubs#Bars#American (Traditional)#Nightlife#Restaurants
5KbXjDK1p4vOa9BVcHwkew,Sx96d65M32CG6rNX5LHWcQ,Fashion#Shopping#Shoe Stores
RGC3gUcBVZqOy-b2XSRgGw,xuLKNWXAbQiYTU9RH1u39w,Food
mECTORoeUYDA5ryP-vy5cw,lPmKXXcXVYkug5q9hhX2Jw,Pizza#Buffets#Restaurants
opGgsDuWqzdNpZq2thH6eA,Dkj08nST6OTDEPoAsV2E5Q,Hotels & Travel#Tours
sQTvI2N_WT5m60ZUbTMCMQ,CBkGxR3tZjR91bmI0gUuBQ,Chinese#Restaurants
p4w1SWmsIa5uwDZX7pkvxA,3YrW77yHkp3JIyTGYCS_Nw,Food#Grocery#Indian#Vegetarian#Restaurants
zDHnudjDDf2bqBC31a_6LA,Fpv7AFYvT-rsQImxIGwI7Q,Restaurants#Japanese#Italian
TUdj4cSkqyYhNa6U4QKoyA,Ah5sMocfo1FTk6vekMLM6g,German#Restaurants
RVdu0KTvpYc4kS1umR51JQ,cgFiAUsYCiw9RBX4SgkZUA,Restaurants#Italian
kBmJx_RCp5f52I2_-IiLTQ,Iyy4pDmnKTZkAorzclO4Eg,Japanese#Restaurants
WNQTKto7nXi-0OMntLN5AQ,kfscAJnLVf6J2uEte7g-5A,Burgers#Breakfast & Brunch#Salad#Restaurants
1FwKj8ERL202O-lufw7pTg,eRRyfI6QVvSviirRF8UGzQ,Arts & Entertainment#Resorts#Casinos#Event Planning & Services#Hotels & Travel#Hotels
JHJEFAqtOnY8slBb5vmUHQ,OiCxoAIoBvEWxf7p1qVVmA,American (New)#Mediterranean#Restaurants
Cp8eHeD6urh_Z6uIMeprpA,q0TAM97O5xa2sVjFSwdvrQ,Active Life#Gyms#Trainers#Fitness & Instruction
yKtZQZvw6d9GjxXekw-YbA,corPOxxIBRJ7DSpryYvorw,Seafood#Restaurants
yKtZQZvw6d9GjxXekw-YbA,yuTa7S2QR9uAE7UNdDV8EQ,Tires#Automotive#Auto Parts & Supplies
sQTvI2N_WT5m60ZUbTMCMQ,dewq6aevfoNFvJBqM7PG5A,Food#Coffee & Tea
5KbXjDK1p4vOa9BVcHwkew,dua8728HOP3iBJrRj_YAFg,Food#Bagels#Delis#Restaurants
5R1OCck1Cs4qhCtKb3EYfA,D_gp5k21B-rVfHLTBQZS2Q,Food#Coffee & Tea#Cafes#Restaurants
QmykNasFdjyaQ3K8oME3fQ,2X5G4Ujq0s4Wfn4TC7gX0g,Pubs#Bars#Hot Dogs#Nightlife#Restaurants
5KbXjDK1p4vOa9BVcHwkew,hbzFgwAaoLpJHCeBPp8njw,French#Restaurants
kt5MZ368FrySa2S0PB1yqg,H67AgSUZZ_0j3-sCstLZgg,Seafood#Steakhouses#American (Traditional)#Restaurants
RVdu0KTvpYc4kS1umR51JQ,D-j9DMfwe7fqhI2yXNrgiQ,Seafood#Steakhouses#Restaurants
RVdu0KTvpYc4kS1umR51JQ,-36CwMJZJigqPMYrx9BJzw,American (Traditional)#Restaurants
QmykNasFdjyaQ3K8oME3fQ,wfCLz9-aeShbPB7CaTY-qQ,Food#Specialty Food#Grocery
EnHqqZEEvQ6UKFjoCqQ0Ag,LcyRBpYIki-Sx2-M5_bidQ,Yoga#Beauty & Spas#Speech Therapists#Health & Medical#Fitness & Instruction#Active Life#Massage
1FwKj8ERL202O-lufw7pTg,zTCCbg7mGslxACL5KlAPIQ,Buffets#Restaurants
YTANa7v4DM1t4A2Ydn6hYQ,EQ_qo0cjqS0mgzKLjN-V_w,Beauty & Spas#Nail Salons
5R1OCck1Cs4qhCtKb3EYfA,wCw2ZjIuUk_G8eMXMN0rrw,Burgers#Restaurants
k76kzMRJ3XsH7NxBKTL6KA,QCxXYA13PtkD3wec47_r8Q,Bars#American (New)#Nightlife#Lounges#Restaurants
R5n8VzA2CS85EHkIqXMGJA,zTCCbg7mGslxACL5KlAPIQ,Buffets#Restaurants
3M0nfSDXwlyDSE5ofPcXsg,okwpJOrNs7PTEjfcuvmRIQ,Food#Donuts#Coffee & Tea
mECTORoeUYDA5ryP-vy5cw,hBgIhxFFRsdjtQk3QhsoZQ,Home Services#Real Estate#Apartments
OsHPt0PIOQg4JlDBQp4K7Q,ywHqevEhQ1A6evquSFDkrQ,Automotive#Body Shops
PDNQ2tOM42mBankQlPlUYg,mISTPrrYe7VZDgNGT2HOZw,Professional Services#Private Investigation
xvtbFukkCNjkMW8fVe5rTA,uXticN42QnpqzoRB1Htc1Q,Active Life#Hotels & Travel#Zoos#Tours
RGC3gUcBVZqOy-b2XSRgGw,8OAxRICR00G9xwdq3OdjCA,Fast Food#Mexican#Tex-Mex#Restaurants
mOX1_X12jU0BvxpZXFUWWQ,zWS7hGTbydfkmubhS8qKRQ,Arts & Entertainment#Performing Arts
opGgsDuWqzdNpZq2thH6eA,PkGkT8d4DFI74Nu-YnCcIw,Hotels & Travel#Public Transportation#Transportation#Buses
5KbXjDK1p4vOa9BVcHwkew,YDWwGEFrk7eU2Bk_ZGRO8Q,Active Life#Yoga#Fitness & Instruction
5KbXjDK1p4vOa9BVcHwkew,CvaitQbPilPx06hyUrujvQ,Tapas Bars#French#Restaurants
HGCWB7t-fCCYYVVjQXEk3A,e_HZ1miEm6mAOEpiPXJdyw,Health & Medical#Chiropractors
UlP4hoQXa7LiQTW1dCb-zw,8keSthEj3gHQRVf0qo-LBg,Local Services#Dry Cleaning & Laundry
5KbXjDK1p4vOa9BVcHwkew,N0euXkkYkOSrrckohlQkUQ,Wine Bars#Bars#Nightlife#French#Restaurants
gu_psXKjPTywXuDgrhY_rA,gy5jh1qLZGanvNKJh2GTdQ,Bars#Music Venues#Arts & Entertainment#Swimming Pools#Nightlife#Active Life
5KbXjDK1p4vOa9BVcHwkew,NRJLMx33E-OeHwCXL94Qog,Yoga#Beauty & Spas#Fitness & Instruction#Active Life#Day Spas#Massage
sQTvI2N_WT5m60ZUbTMCMQ,EaziHWcmjm5nGmPF-CJgQA,Contractors#Wedding Planning#Event Planning & Services#Venues & Event Spaces#Home Services
sQTvI2N_WT5m60ZUbTMCMQ,xtX2qS64zP2NRPV_7NNqHw,Hotels & Travel#Event Planning & Services#Venues & Event Spaces#Hotels
cnIv2B1KXq5fXZIMkjQBCQ,ajvIamc7FSXEE9ifM0GSRA,Pizza#Restaurants
5KbXjDK1p4vOa9BVcHwkew,ONSmMyqe9_mAEAntoLzddw,Seafood#Restaurants
EnHqqZEEvQ6UKFjoCqQ0Ag,Zf7fMSe7yuW727JyikdBsg,Arts & Entertainment#Casinos#Event Planning & Services#Hotels & Travel#Hotels#Restaurants
gdNJzMx9duSZCBdiU1QKFg,iPxUYvC8tgt5rBr-IZlSeg,Fast Food#Japanese#Restaurants
gdNJzMx9duSZCBdiU1QKFg,iPxUYvC8tgt5rBr-IZlSeg,Fast Food#Japanese#Restaurants
gdNJzMx9duSZCBdiU1QKFg,0BpMvu5B9fY-KEbOuxLtFQ,Japanese#Restaurants
RGC3gUcBVZqOy-b2XSRgGw,18J4l7oirwTCVK74nwZkyg,Shopping#Jewelry#Beauty & Spas#Home & Garden#Cosmetics & Beauty Supply#Furniture Stores
yKtZQZvw6d9GjxXekw-YbA,0BpMvu5B9fY-KEbOuxLtFQ,Japanese#Restaurants
sQTvI2N_WT5m60ZUbTMCMQ,AaKlegu7gmOCD4rEESF76Q,American (New)#Cafes#Restaurants
IKsw0JHLRH-fEMLbeTLiFQ,9d1dz-QpVi3e2uyrGsUMEQ,Hair Salons#Shopping#Cosmetics & Beauty Supply#Makeup Artists#Beauty & Spas
uvtdvk58xUrRxNsAY4BJfA,EjWi22gAE_cYpGs7lBPahQ,Greek#Restaurants
60JmXS5fQYAML3Llz7qbIw,J8PyvKkLBGLhYjSlSg7u2A,Breakfast & Brunch#American (Traditional)#Restaurants
pXKtDY2UfbQHsmkXNB-O8g,NqV89VQBV9kvUaA7a8F-tg,Breakfast & Brunch#Restaurants
5R1OCck1Cs4qhCtKb3EYfA,d7yEPVrczwKe-Un9tSywbA,Men's Clothing#Fashion#Shopping#Accessories
HHKL2BK4PkyQoUn-et3gNQ,JS9Bao1vDxM2BGWMYjEavA,Italian#French#Restaurants
YfvxQPmYw1n2EjilV33oJA,MY0_6BAzQCu4sqXqwNEFfg,Bars#Pizza#Nightlife#Restaurants
O-4iy2zJ0X6QFP62aV2YbQ,gu5Yj92bnXnxNyMdxO14VA,Seafood#Mexican#Restaurants
fcQ5lQsu14Qxnj7ivyWAdw,Ofo5YwQGd2NAkJAHyO3tuw,Steakhouses#Restaurants
JHJEFAqtOnY8slBb5vmUHQ,gVYju3XRcO1R4aNk7SZJcA,French#Restaurants
JHJEFAqtOnY8slBb5vmUHQ,uYKwS-biARKgBkk5rY_PaQ,American (New)#French#Restaurants
mECTORoeUYDA5ryP-vy5cw,2KCHbRLC2e9b2tiFN5Gxww,Mexican#Restaurants
beXVbUApKqAOfbvSeWW0Jg,5FPU_0VSLtR2yY7IQzaH5g,Asian Fusion#Sushi Bars#Japanese#Restaurants
ruqAS0sS_fLmMiioU-0JCg,5FPU_0VSLtR2yY7IQzaH5g,Asian Fusion#Sushi Bars#Japanese#Restaurants
E_6E0U8d_L4uxaURifx0dQ,DAC0-UTMKjz_mFh-cQ8EAQ,Arts & Entertainment#American (Traditional)#Arcades#Restaurants
Y305uF7EnRO4dOOutWLxNw,OUpcKYGbVYgSS1Oo7aQ56Q,Hotels & Travel#Arts & Entertainment#Casinos#Event Planning & Services#Hotels
VMro2zAEejxWsCgaR75-lQ,OUpcKYGbVYgSS1Oo7aQ56Q,Hotels & Travel#Arts & Entertainment#Casinos#Event Planning & Services#Hotels
opGgsDuWqzdNpZq2thH6eA,OUpcKYGbVYgSS1Oo7aQ56Q,Hotels & Travel#Arts & Entertainment#Casinos#Event Planning & Services#Hotels
cbgoX-riB3fTiz1xCfhe9w,xAWJunZXC52816iWyDLbNw,Active Life#Gyms#Fitness & Instruction
r0U9ICcWWIb4Vcs-SRd8oA,-nPwp-pg-pTEO2nqo1h_lg,Arts & Entertainment#Cinema
mECTORoeUYDA5ryP-vy5cw,b5cEoKR8iQliq-yT2_O0LQ,Nightlife#Breakfast & Brunch#Mexican#Bars#Restaurants
h-8gdwYYOAj76Dy1ae2xUg,7oV0aGp6_Iumy83IIsTuMw,Pet Groomers#Pet Services#Pets
kt5MZ368FrySa2S0PB1yqg,gXFvsM4pwXeDl1sj6f3c6Q,American (Traditional)#Restaurants
RVdu0KTvpYc4kS1umR51JQ,1yx2zLskVTe5WQdYjL2Apw,Burgers#Breakfast & Brunch#Sandwiches#Restaurants
KRr9NiuqUXO4_aRHshIlvQ,nh2k5n9GB1nu5WOC4Cakhg,Bars#Nightlife
JHJEFAqtOnY8slBb5vmUHQ,Pz7SWZQhxL6ZbhL9jE2NTA,Bars#French#Nightlife#Lounges#American (New)#Restaurants
RVdu0KTvpYc4kS1umR51JQ,1yx2zLskVTe5WQdYjL2Apw,Burgers#Breakfast & Brunch#Sandwiches#Restaurants
ruqAS0sS_fLmMiioU-0JCg,rO6VfAvV5-2oMc7ovuwcyA,Automotive#Auto Parts & Supplies#Car Dealers
E2lWb8LwuoS3psOrRWJ_zg,alWTl5MRC4VE2t9W1mNSIQ,Bars#French#Nightlife#Lounges#Steakhouses#Restaurants
E_6E0U8d_L4uxaURifx0dQ,MEIrMVHls7D90GfyCOW8fQ,Shopping Centers#Shopping
QmykNasFdjyaQ3K8oME3fQ,cMye2oCRy1qAvwMK-7i6JA,Bars#Nightlife#Lounges
5KbXjDK1p4vOa9BVcHwkew,X6LAbArQuaaxsQgakPsWSg,French#Restaurants
sQTvI2N_WT5m60ZUbTMCMQ,soiGohHtWOltGeomkSxzEw,Mexican#Restaurants
PC1gZs5Ns5Wd76CL1MMsmQ,_1QQZuf4zZOyFCvXc0o6Vg,Active Life#Parks
5KbXjDK1p4vOa9BVcHwkew,kBtdEbJoBLjgEgDXBJ9v7g,Mexican#Restaurants
1c-53BayepmAabQP8ab_7Q,yJDSMugu_Pom3pJE8MRrJA,Bars#Mexican#Nightlife#Restaurants
kt5MZ368FrySa2S0PB1yqg,pKeiYrbA8Azh-z1NqN44KQ,Breakfast & Brunch#American (Traditional)#Restaurants
FYIGxT2lW9Uou5nGHIpFDA,H3SaoIWnlG-HvGQ8v6J6yg,Southern#Barbeque#Restaurants
kBmJx_RCp5f52I2_-IiLTQ,Hv2GCCnyRRo2XxF9XJpK6g,Steakhouses#Restaurants
1FwKj8ERL202O-lufw7pTg,W4A_cYOAHhOQ-wb8E7suvg,Arts & Entertainment#Performing Arts
nJZvdr_6I6VXsjToPe8b4w,XQ3JL3uvqeMeDIl2qJ_Igg,Italian#Thai#American (New)#Restaurants
ruqAS0sS_fLmMiioU-0JCg,DqJij-nTV3yvmJqfd8KAOQ,Food#Desserts#Bakeries
ruqAS0sS_fLmMiioU-0JCg,DqJij-nTV3yvmJqfd8KAOQ,Food#Desserts#Bakeries
sQTvI2N_WT5m60ZUbTMCMQ,MAfc2V_EVtyR9rMxxEAPLg,Vietnamese#Restaurants
JHJEFAqtOnY8slBb5vmUHQ,RRtu1D6qpVcpiQnMM8EhIg,Restaurants
sQTvI2N_WT5m60ZUbTMCMQ,3Dj0FsIr2Kw0e1nsaDSGig,Hair Salons#Skin Care#Hair Removal#Beauty & Spas
ruqAS0sS_fLmMiioU-0JCg,WT-v-DgQvW38DewVyTLdTA,Hotels & Travel#Arts & Entertainment#Casinos#Event Planning & Services#Hotels
RGC3gUcBVZqOy-b2XSRgGw,38P1PQr0-uyw_290I-wOvw,Food#Grocery
gdNJzMx9duSZCBdiU1QKFg,3UMcsN9IjoeV8JZvC4apag,Pubs#Food#Bars#Breweries#Nightlife
9I16D_l2hLwFEyKmkWmJaQ,p_ZzhAeNxremCgJtEvmdkw,Health & Medical#Dentists#General Dentistry
JHJEFAqtOnY8slBb5vmUHQ,GjQbbMwu8OzictyBdgYY5g,Spanish#Tapas/Small Plates#Steakhouses#Restaurants
Y0hiOXXmYRfD6zBd-WuuFA,3gPEKDsMklt9-W-EPDj9ag,Active Life#Nightlife#Dance Clubs#Swimming Pools
sQTvI2N_WT5m60ZUbTMCMQ,uI4YqMarUpchI4I3ZWgOGA,Hotels#Hotels & Travel#Asian Fusion#Event Planning & Services#Restaurants
kt5MZ368FrySa2S0PB1yqg,LcVBQ-7aF87OR-vlKX5m-Q,Restaurants#Italian
gdNJzMx9duSZCBdiU1QKFg,xwegRzkfFOGr_aZHTEnHjQ,Hair Salons#Beauty & Spas
h-8gdwYYOAj76Dy1ae2xUg,fXRWgcg_vTlVlbLKh6CTcA,Breakfast & Brunch#Restaurants
5R1OCck1Cs4qhCtKb3EYfA,quNvbRN4_-OhAfVtGHjQ8Q,Italian#Bars#Pizza#Nightlife#Restaurants
gdNJzMx9duSZCBdiU1QKFg,wT0L6ZyFjq3CQKYqENvC3g,Buffets#Mongolian#Restaurants
JHJEFAqtOnY8slBb5vmUHQ,3AlN2XZ0I0F8650y2yjLWA,Steakhouses#Restaurants
-6GVS8h3ZPTGHnuZhROvlg,GoxEgfRpuj4ELJcOHLzhXQ,Home Services#Shutters
9LIL7m1Q0wtzHnKWpZxuQw,R2vqYVQcs-lIMFRfCi09ww,Vietnamese#Restaurants
opGgsDuWqzdNpZq2thH6eA,iXA8Y2bzvZo8MjALfZxrIg,Bars#American (Traditional)#Nightlife#Restaurants
u1IC7xORIeAkJEt6n4p3_A,-sAoGZTnFtDZUY9JYWHqlg,Hotels & Travel#Event Planning & Services#Hotels
TP0y9rkXli4PSht1TIEoFA,3OauvrqUU8nDLWcW6q9hGQ,Vietnamese#Restaurants
n9gwi14CEzv2g_1eX6E3Zw,7Mgly28cnzY-2py2ClEjiA,Italian#Pizza#Restaurants
opGgsDuWqzdNpZq2thH6eA,VdY6qe9afspFwsbzX1HsOQ,Cocktail Bars#Bars#Mexican#Nightlife#Restaurants
hJpNDnhudE8XA17iSfTuWQ,ZVabFAYFVw3kDk2HyHNqhg,Pubs#Bars#Nightlife
1FwKj8ERL202O-lufw7pTg,2e2e7WgqU1BnpxmQL5jbfw,Sandwiches#Restaurants
h3apVYKTdF9cVo0Pt5bbCg,6pHQWt6OgTivfOk52O_Wqg,Bars#Nightlife
MHHWFUc6sFKJZ36BzR-7FA,2e2e7WgqU1BnpxmQL5jbfw,Sandwiches#Restaurants
9cWlZjINcBpJixQt1j_5_A,BoTqCA4HAYwl0NRhoP6cqw,Hotels & Travel#Tours#Event Planning & Services#Party & Event Planning#Party Bus Rentals
3ldgW4k0G1Eb6ZpQJcKdUA,2e2e7WgqU1BnpxmQL5jbfw,Sandwiches#Restaurants
ruqAS0sS_fLmMiioU-0JCg,QGkM1TvUrc1gmd1qkpnMJg,Sushi Bars#Japanese#Restaurants
JHJEFAqtOnY8slBb5vmUHQ,4EhFsjWBSaSp_5TkkLp7LA,French#Restaurants
opGgsDuWqzdNpZq2thH6eA,AtjsjFzalWqJ7S9DUFQ4bw,Hotels & Travel#Arts & Entertainment#Casinos#Event Planning & Services#Hotels
YTANa7v4DM1t4A2Ydn6hYQ,4gLKIXk0GhWFjnOm0ZIthA,Beauty & Spas#Hair Removal#Nail Salons
opGgsDuWqzdNpZq2thH6eA,z3SyT8blMIhsZNvKJgKcRA,Hotels & Travel#Arts & Entertainment#Casinos#Event Planning & Services#Hotels
ruqAS0sS_fLmMiioU-0JCg,OjrgRcLvYttRGQCew44cOQ,Food#Desserts#Restaurants#Creperies#Ice Cream & Frozen Yogurt
5KbXjDK1p4vOa9BVcHwkew,Owt5XH3WnMpeNaouRYEQIw,Barbeque#Canadian (New)#Restaurants
0j5iiqxIB4qOTP3PEbwi8Q,_v6HIliEOn0l0YaAmBOrxw,Hotels & Travel#Arts & Entertainment#Casinos#Event Planning & Services#Hotels
1FwKj8ERL202O-lufw7pTg,_v6HIliEOn0l0YaAmBOrxw,Hotels & Travel#Arts & Entertainment#Casinos#Event Planning & Services#Hotels
wOpqf095Nawe9UJ3AZEoQA,lliksv-tglfUz1T3B3vgvA,Thai#Restaurants
lh2FzRt5pua81yESc3rYYw,lliksv-tglfUz1T3B3vgvA,Thai#Restaurants
DJncZ2XsOIyD-lAnU0aOOw,upmnxJvYe5aOYE9wVNkGaw,Hotels & Travel#Tours#Limos#Transportation
sQTvI2N_WT5m60ZUbTMCMQ,CauZCFJ_WQ-yxqSb1puaOg,Food#Coffee & Tea
HPuCZ4HEy1oY-JRdNmaTGg,CauZCFJ_WQ-yxqSb1puaOg,Food#Coffee & Tea
4UP8EypkGKrFX02Lru51rA,YSQ3G8hYhShHGZNPfeFquA,Steakhouses#Restaurants
RGC3gUcBVZqOy-b2XSRgGw,dt5kCN2U26W1OKKnDWfORA,Shopping#Mobile Phones
sQTvI2N_WT5m60ZUbTMCMQ,gMjC9IDH0-EFWnaOBG0C9g,Local Services#Marketing#Printing Services#Professional Services
QmykNasFdjyaQ3K8oME3fQ,dpRsK3JyaD3GKorVWzQUmA,Burgers#Fast Food#Restaurants
ruqAS0sS_fLmMiioU-0JCg,tI3J5jomrBs--n7r92186g,Dim Sum#Chinese#Restaurants
JHJEFAqtOnY8slBb5vmUHQ,xNcqwYAUeVOhe3KNC4Xjaw,Japanese#Restaurants
opGgsDuWqzdNpZq2thH6eA,NBFu9Ia-KzpsByWtoB6JhA,Active Life#Aquariums
1FwKj8ERL202O-lufw7pTg,f3EcPjqKftEznBSs2oQVRg,Adult Entertainment#Nightlife
gdNJzMx9duSZCBdiU1QKFg,0gQrhOYWdO0XVZEKtOrvaA,Restaurants#Pizza#Italian
fwfe84Tz_msfmzdJGeh50g,f3EcPjqKftEznBSs2oQVRg,Adult Entertainment#Nightlife
MCN8CRg6cLQjELgzDbT8Sg,GrxX-oNBmwrighNteUZH_A,Hotels & Travel#Event Planning & Services#Hotels
yKtZQZvw6d9GjxXekw-YbA,h1kwVr1eTpBK0rWfcm5QSg,Bars#American (Traditional)#Sports Bars#Nightlife#Chicken Wings#Restaurants
49lWpCnVm9RWcKXHewQ7EQ,Q0070Z9KMleHbc-uI1e5MQ,Burgers#Sandwiches#Restaurants
CLpTaA0E0eZbuqeY-EezKw,VgLiSW1iGkpzIEXOgvUBEw,Food#Juice Bars & Smoothies#Breakfast & Brunch#American (New)#Restaurants
JHJEFAqtOnY8slBb5vmUHQ,VgLiSW1iGkpzIEXOgvUBEw,Food#Juice Bars & Smoothies#Breakfast & Brunch#American (New)#Restaurants
sQTvI2N_WT5m60ZUbTMCMQ,_HTE4pOKeJC7kcxiCF9vTA,Vietnamese#Restaurants
yKtZQZvw6d9GjxXekw-YbA,cscosdWU2MaSJ-snEaDieg,Burgers#Mexican#Restaurants
O-4iy2zJ0X6QFP62aV2YbQ,nqSlKR0qaTJhz7u4gEV_XA,Event Planning & Services#Party & Event Planning
1FwKj8ERL202O-lufw7pTg,cRfn_vMQ9YExuKb378CwjQ,Buffets#Restaurants
TUdj4cSkqyYhNa6U4QKoyA,r70nuDpkR5-g1oShW2ANvA,Pubs#Bars#Nightlife#British#Restaurants
gu_psXKjPTywXuDgrhY_rA,DJlb6DLzT1yK5ipnL2I1dA,Nightlife#Dance Clubs
beXVbUApKqAOfbvSeWW0Jg,sNT0JKFGguAJvpQenfbArQ,Food#Coffee & Tea
clmGgfDyLupkQrHQQo2Zbg,8lLkZOfXbSMumZC-v08GaA,Greek#Mediterranean#Middle Eastern#Restaurants
TP0y9rkXli4PSht1TIEoFA,-zA-hN1iFPEJin3IW9tufA,Beauty & Spas#Shopping#Cosmetics & Beauty Supply#Nail Salons
JHmO-lVrHA0njKnQnZ8qLA,uEJQSIjWui-TDWXaGlcqyQ,Soul Food#Breakfast & Brunch#Southern#Restaurants
sQTvI2N_WT5m60ZUbTMCMQ,9Y3aQAVITkEJYe5vLZr13w,Breakfast & Brunch#American (Traditional)#Restaurants
HMy_9ZQwCFruLgKTS6cvIw,uEJQSIjWui-TDWXaGlcqyQ,Soul Food#Breakfast & Brunch#Southern#Restaurants
RGC3gUcBVZqOy-b2XSRgGw,ibpg9fJXFd_hFbMLPqFTlw,Discount Store#Shopping
cbgoX-riB3fTiz1xCfhe9w,BW9GH6_h_RJfpz8JY-wFdw,Shared Office Spaces#Home Services#Real Estate
gdNJzMx9duSZCBdiU1QKFg,uEJQSIjWui-TDWXaGlcqyQ,Soul Food#Breakfast & Brunch#Southern#Restaurants
dqLezFoE9GXe16uVgx6t9A,G69-uLxHs3h6uvrikivpVA,Shopping#Pawn Shops
gdNJzMx9duSZCBdiU1QKFg,2RxIERKZi5gjLW76MkFotQ,Cafes#American (Traditional)#Diners#Restaurants
sQTvI2N_WT5m60ZUbTMCMQ,FUI-hWH_bpis7AKZTWenUQ,Latin American#Restaurants
RWbffWlqNrodxry7FA1Pqg,LYUxx3nGFlmr4aEqoEhSWQ,Hotels & Travel#Tours#Limos#Transportation
5KbXjDK1p4vOa9BVcHwkew,YlDSHPSWfknS6RXoDtgnwg,Local Flavor
gdNJzMx9duSZCBdiU1QKFg,oyzxIqrtzu-8sWlPhJVsLw,Mexican#Restaurants
BwzJDw7adNyMyFWw7ayofQ,uyEUL3Oskfa1fOYCksyM8A,American (New)#Restaurants
kt5MZ368FrySa2S0PB1yqg,yOKNzOST0WVaCMZiUceK3g,Barbeque#Restaurants
kt5MZ368FrySa2S0PB1yqg,-tsCj7HZ1TT548bcz8U3ZQ,Sandwiches#Barbeque#Restaurants
p55jO_tocDs4S9lVOpa1wg,EOq_et3St_S4S7DCLl_gww,Hotels & Travel#Event Planning & Services#Hotels
gdNJzMx9duSZCBdiU1QKFg,3GAPcBG8SowgrpS6UHlDeQ,Vegetarian#Indian#Gluten-Free#Restaurants
zDHnudjDDf2bqBC31a_6LA,OWyFd29_AWly7vmR6hOKEQ,Mexican#Restaurants
5KbXjDK1p4vOa9BVcHwkew,X9GymKHZoVoLdG9Yf50j4g,Canadian (New)#Restaurants
wdC4euorTXqt6OLyoUvotg,TqHTtjPANCBKGsjGBjDoQQ,Italian#Pizza#Sandwiches#Restaurants
1oy9COXnJ7WOMV104BPwcQ,EolW2H_wkpYwWbBURN_4gQ,Burgers#American (Traditional)#Restaurants
fEq90oZ0zAJQ1IYr6y-fnw,dOC6O6VNvCECmShkFAmeoQ,Shopping#Vape Shops
E_6E0U8d_L4uxaURifx0dQ,ZaW3fCc3_pOjo9SvqMxYEQ,Active Life#Parks
tpLTUfIciyiQUQ3eFoZKpQ,EolW2H_wkpYwWbBURN_4gQ,Burgers#American (Traditional)#Restaurants
3aydl5XYOPRf2euqV9wV2Q,m5f8H9Pn2AT2624fRadLFA,Pediatric Dentists#Health & Medical#Dentists#General Dentistry#Cosmetic Dentists
E_6E0U8d_L4uxaURifx0dQ,ZaW3fCc3_pOjo9SvqMxYEQ,Active Life#Parks
RGC3gUcBVZqOy-b2XSRgGw,_NHje6H0eHAPirJ7oup_aA,Shopping Centers#Shopping
JHmO-lVrHA0njKnQnZ8qLA,nmKZ2H6aWwoFvaH3HMD-Cg,Arts & Entertainment#Festivals
TUdj4cSkqyYhNa6U4QKoyA,_j4jCjlnuUnsvq1UnfF1Ag,Gluten-Free#Asian Fusion#Chinese#Restaurants
PC1gZs5Ns5Wd76CL1MMsmQ,oD3K3aT52uNdLaYmGnRV8A,Active Life#Dog Parks#Parks
S9lac_PPAISov03qrHkpMw,APxVYJuGqlUqr4ncoY5uLg,Breakfast & Brunch#Diners#Restaurants
p4w1SWmsIa5uwDZX7pkvxA,aRkYtXfmEKYG-eTDf_qUsw,Coffee & Tea#Food#Bars#Nightlife#American (New)#Restaurants
s08FEJf30A0mAZMfQyCepA,ovd7_Dr8y_Q-H1_LxXDi_g,Amusement Parks#Resorts#Event Planning & Services#Active Life#Hotels & Travel#Hotels
_UgwaKf3xgDCq4qrMvW2dQ,C185HewDKhT0s6JmFFFqcg,German#Cafes#Restaurants
sQTvI2N_WT5m60ZUbTMCMQ,aRkYtXfmEKYG-eTDf_qUsw,Coffee & Tea#Food#Bars#Nightlife#American (New)#Restaurants
mECTORoeUYDA5ryP-vy5cw,OYqcDeqyKxuz_xsBz6-I5A,Food#Grocery#Convenience Stores
yKtZQZvw6d9GjxXekw-YbA,f4T3s1x2u_KPOFfIJIJ0uA,Sushi Bars#Japanese#Restaurants
kt5MZ368FrySa2S0PB1yqg,l2rEBS7iKgIteBe0KgB5Ng,Hotels & Travel#Arts & Entertainment#Casinos#Event Planning & Services#Hotels
gdNJzMx9duSZCBdiU1QKFg,g4tY0hSv_dzJQPUbdLOyPg,Burgers#Restaurants
XWzF4wam-7OJEgoPO_jHiQ,naUFPFYH2CqHtTrV3IAJrQ,Buffets#Chinese#Restaurants
rO0Ytm0UMpOlZIJYRfgJRA,qpOTWkxCB3WUUaDodcioZg,Greek#Mediterranean#Restaurants
fwfe84Tz_msfmzdJGeh50g,ripCiWZ0MblMZSLrIKQAKA,Arts & Entertainment#Resorts#Casinos#Event Planning & Services#Hotels & Travel#Hotels
0j5iiqxIB4qOTP3PEbwi8Q,ripCiWZ0MblMZSLrIKQAKA,Arts & Entertainment#Resorts#Casinos#Event Planning & Services#Hotels & Travel#Hotels
CSCbW8tzt7DKh_e6Pp-59Q,vx_tBhmrdlorJ6WvbrEgFw,Electronics#Computers#Shopping#Mobile Phones
kBmJx_RCp5f52I2_-IiLTQ,wUCDpHThxQcOEShyl46ZIA,Bars#Nightlife#Lounges
fEq90oZ0zAJQ1IYr6y-fnw,1NferxQuGCPNBPVRBbdLpg,Italian#Pizza#Restaurants
TP0y9rkXli4PSht1TIEoFA,3oZcTGb_oDHGwZFiP-7kxQ,Breakfast & Brunch#American (Traditional)#Restaurants
s9jRfcyUjjsU3kPmXt504w,HbUQ_3dlm3uCacmhTEMnuA,Steakhouses#American (New)#Restaurants
p4w1SWmsIa5uwDZX7pkvxA,Oe0cxmz0lD9z4FXGWJ1ZZQ,Asian Fusion#Sushi Bars#Restaurants
-O4hVLxftHqWJCDFTJ_M2g,QxpX4slDIOGFEHlPV4mrSw,Mexican#Restaurants
QmykNasFdjyaQ3K8oME3fQ,Wnn1GtvvtnkFdPfdRcYW-Q,"Shopping#Books, Mags, Music & Video#Reflexology#Health & Medical#Bookstores#Reiki"
sQTvI2N_WT5m60ZUbTMCMQ,e8FMAuTswDueAlLsNyLhcA,Nightlife#Breakfast & Brunch#American (New)#Bars#Restaurants
sQTvI2N_WT5m60ZUbTMCMQ,e8FMAuTswDueAlLsNyLhcA,Nightlife#Breakfast & Brunch#American (New)#Bars#Restaurants
_4T1mtEedGYeP2MkY7gNDg,e8FMAuTswDueAlLsNyLhcA,Nightlife#Breakfast & Brunch#American (New)#Bars#Restaurants
h-8gdwYYOAj76Dy1ae2xUg,D-Tk10Ax_rAPl-MoFN5eUw,Hair Salons#Day Spas#Beauty & Spas
O-4iy2zJ0X6QFP62aV2YbQ,MEQzVOGI5l0vUqEO7Ho9lw,Movers#Local Services#Home Services#Self Storage
84H_PFtzitXlQUQAQcPotA,D3Wmu9sVG3E0EuW1HgeM9Q,Fences & Gates#Home Services
CvRLrapGuX02gscMc1-5UA,1wnuHWpdTCH2wa_CRuft_w,Wine Bars#Bars#Nightlife
kt5MZ368FrySa2S0PB1yqg,JM6CdlbuxfalZZ77DAq7Bg,American (Traditional)#Barbeque#Restaurants
sQTvI2N_WT5m60ZUbTMCMQ,IoFggnoj1P4EcmNEP2K6Ng,Food#Coffee & Tea
ugmuDQA9sxfH5g8Chu81jQ,mlgD0zcqkWdGBzX97NS-8g,Hair Salons#Skin Care#Massage#Beauty & Spas
JHJEFAqtOnY8slBb5vmUHQ,a1aIYuvQUdSFOyn4vKIXnA,Restaurants
G3p3IeyFksX1RHX1uldr6Q,fbiwRSeQ-X_2FaMNppLrNw,Cannabis Clinics#Health & Medical
kt5MZ368FrySa2S0PB1yqg,nhToFLPoqNixNbRK4-xFQg,Burgers#Restaurants
ruqAS0sS_fLmMiioU-0JCg,L-NzaroskDG7cwW9OJJadw,Food#Coffee & Tea#Cafes#Restaurants
yKtZQZvw6d9GjxXekw-YbA,pAHUC05ceak48e745i6G4g,Burgers#American (Traditional)#Mexican#Restaurants
qLkEeqpeLxlYywdMCgYUuw,Lw4MDdZxgh4AhhRrla5Clw,Clowns#Event Planning & Services#Party & Event Planning#Face Painting
gdNJzMx9duSZCBdiU1QKFg,pAHUC05ceak48e745i6G4g,Burgers#American (Traditional)#Mexican#Restaurants
O-4iy2zJ0X6QFP62aV2YbQ,wehqTDVRZsOkESgAoYBhow,Soup#Sandwiches#Salad#Restaurants
beXVbUApKqAOfbvSeWW0Jg,6dIZ2hjHfjV2ZaxS2H-fcw,Sushi Bars#Japanese#Restaurants
gdNJzMx9duSZCBdiU1QKFg,ChmqODwuYP1ewjmWXtxtsg,Chinese#Restaurants
kBmJx_RCp5f52I2_-IiLTQ,knx2oH7ORKVmamFlqdk9Xw,Burgers#American (Traditional)#Sandwiches#Restaurants
mECTORoeUYDA5ryP-vy5cw,ru4AWuAcsl_kH-Y_ALoREg,Auto Repair#Automotive#Body Shops#Car Dealers
SnFlVM1Col4PzJqWFHuafw,5FLRsYrT6w2VSDvQDhphXg,Wine Bars#Bars#Restaurants#Nightlife#Italian
DYQCoplkNQMU_Gr1pfsUzQ,Ghd8fqVXXiI0l649bauuNA,Local Services#Printing Services
-O4hVLxftHqWJCDFTJ_M2g,YQvg0JCGRFUkb6reMMf3Iw,Wine Bars#Bars#Pizza#Nightlife#Restaurants
IrsaCOc33wEgU8VriaCd0g,8dEJ_o0UgGrNX1ejHcuZjA,Seafood#Steakhouses#American (New)#Restaurants
kt5MZ368FrySa2S0PB1yqg,Iet7RbjzuVoXX907QfHIOw,Electronics#Shopping#Home & Garden#Appliances#Furniture Stores
mECTORoeUYDA5ryP-vy5cw,0UZ31UTcOLRKuqPqPe-VBA,Arts & Entertainment#Stadiums & Arenas
RVdu0KTvpYc4kS1umR51JQ,5OKffUNl_FrUXTqgZFCejg,Burgers#American (Traditional)#Restaurants
gdNJzMx9duSZCBdiU1QKFg,8o-NLKy_XfbJtqljX9XLCA,Soul Food#Southern#Restaurants
JkHLxF7VYgfLRQ6DTUSewQ,WNy1uzcmm_UHmTyR--o5IA,Pubs#Bars#Nightlife#British#Restaurants
5R1OCck1Cs4qhCtKb3EYfA,8dv-bGw1KLLauPPqbZ7LUA,Women's Clothing#Men's Clothing#Fashion#Shopping#Accessories
sQTvI2N_WT5m60ZUbTMCMQ,WNy1uzcmm_UHmTyR--o5IA,Pubs#Bars#Nightlife#British#Restaurants
RGC3gUcBVZqOy-b2XSRgGw,k0VEyL0Fk7QCGM-ffDme4A,Shopping#Florists#Food#Chocolatiers & Shops#Gift Shops#Specialty Food#Flowers & Gifts
sQTvI2N_WT5m60ZUbTMCMQ,m3u8wtUHORnLlB-Wl84Fzg,Sandwiches#Restaurants
E_6E0U8d_L4uxaURifx0dQ,YqDzCl6uVNJ3vhJm9yQEcw,Sandwiches#Salad#Restaurants
e_UT2ZjzKiY8MM9TEdn2kg,pi6eN2zM9VAR4RjAoFSqzg,Sushi Bars#Restaurants
1FwKj8ERL202O-lufw7pTg,-PcyNcCHU8ZWwf6_PwDbUQ,Restaurants#Italian
PDNQ2tOM42mBankQlPlUYg,4AKcmN--0hbF0kX9pg8scg,Burgers#Restaurants
k1ivIukAXI7RFpJ5HUZaCQ,6MhuRbTslAHs7CGG7wQgRQ,Chinese#Restaurants
ruqAS0sS_fLmMiioU-0JCg,QY8CBhPwv6dE4onjhj6MDg,Vegetarian#Chinese#Restaurants
gdNJzMx9duSZCBdiU1QKFg,cIAd1K3INw6se9MX7Usi7A,Cheesesteaks#Pizza#Restaurants
gdNJzMx9duSZCBdiU1QKFg,j5HLcBru7FEirYJPbKFVWA,Bakeries#Food#Sandwiches#Restaurants
uvtdvk58xUrRxNsAY4BJfA,o9nCXNC14VScabiy2bftgw,Bars#American (Traditional)#Pubs#Nightlife#Sports Bars#Restaurants
h-8gdwYYOAj76Dy1ae2xUg,xjvde_zuuNdqtAHK2Kof8Q,"Books, Mags, Music & Video#Toy Stores#Shopping#Bookstores"
sMQN2pjtzQ4JWwyytTzylQ,3SlKa69UVN8KKYYPtlz1ew,Arts & Entertainment#Cinema
RGC3gUcBVZqOy-b2XSRgGw,6po0XPnrzZATB6TSrST8RA,Local Services#Shipping Centers#Notaries#Printing Services
TuNa_1uw11vrjAOoAidXNg,OgaZo4jVyhf7yRwDEKy_Jg,Beauty & Spas#Nail Salons
5KbXjDK1p4vOa9BVcHwkew,yfHJe8yhZLKH-pkbU7ErOg,French#Restaurants
7Dwt20gswmRu4Eu4Y1RgsQ,-7yF42k0CcJhtPw51oaOqQ,Arts & Entertainment#Resorts#Casinos#Event Planning & Services#Hotels & Travel#Hotels
fwfe84Tz_msfmzdJGeh50g,-7yF42k0CcJhtPw51oaOqQ,Arts & Entertainment#Resorts#Casinos#Event Planning & Services#Hotels & Travel#Hotels
beXVbUApKqAOfbvSeWW0Jg,Cyqav-yBpo8O7VW6c4-ohA,Bars#Nightlife#Dance Clubs
h6NYTy3uhoRKZTPjh_7LQA,U9gYVH5VjlyyiD7DCrsXrA,Dim Sum#Chinese#Restaurants
5KbXjDK1p4vOa9BVcHwkew,cFhOYsuTQIqM4OiWyL07EQ,Wine Bars#Bars#Nightlife#French#Restaurants
5R1OCck1Cs4qhCtKb3EYfA,cFhOYsuTQIqM4OiWyL07EQ,Wine Bars#Bars#Nightlife#French#Restaurants
opGgsDuWqzdNpZq2thH6eA,xnRljkaR6zaVTpLYolQteg,American (Traditional)#Restaurants
yKtZQZvw6d9GjxXekw-YbA,AKQvTmpNDluGzt9pLYmxAw,Bars#American (Traditional)#Nightlife#American (New)#Sports Bars#Restaurants
gdNJzMx9duSZCBdiU1QKFg,JPRyCrWPIo_ujOszH1NRzg,Thai#Chinese#Restaurants
gdNJzMx9duSZCBdiU1QKFg,VQtMFcgkRz7MCIo9sPDaeg,Chinese#Restaurants
JHmO-lVrHA0njKnQnZ8qLA,nBfusVbqwul0BU0Rcrlelw,Sushi Bars#Japanese#Restaurants
li4NF6lKnoaIFjvTZ-YfZA,4d2bPtH2PsdsCXYgGs7Hvg,Hair Salons#Hair Stylists#Beauty & Spas
yKtZQZvw6d9GjxXekw-YbA,FtpMkJJ9Vq5cVmP3EsekBA,Japanese#Restaurants
JHmO-lVrHA0njKnQnZ8qLA,93hEDkF4CU3z-og0f4hLRQ,Gluten-Free#Asian Fusion#Chinese#Restaurants
beXVbUApKqAOfbvSeWW0Jg,QySefgRL-TSHDNEd336FtA,Asian Fusion#Hawaiian#Restaurants
sQTvI2N_WT5m60ZUbTMCMQ,DmkTDze8ruJr6o2f5GAvJA,Food#Ice Cream & Frozen Yogurt#Coffee & Tea#Breakfast & Brunch#Restaurants
iuQ_aj-jgfdCoXnpqmviOw,gi4KW-1BkHZhKC2q5YeDgA,Pool Halls#Nightlife
sQTvI2N_WT5m60ZUbTMCMQ,SDwYQ6eSu1htn8vHWv128g,Bars#Breakfast & Brunch#Wine Bars#Nightlife#Italian#Restaurants
3FZRZAoeZIrQTWW42LBQVw,qt_GH5ZBn6xT0CtzNdrvyQ,Hotels & Travel#Event Planning & Services#Hotels
G3p3IeyFksX1RHX1uldr6Q,SDwYQ6eSu1htn8vHWv128g,Bars#Breakfast & Brunch#Wine Bars#Nightlife#Italian#Restaurants
3M0nfSDXwlyDSE5ofPcXsg,k5WjMttOP6rL61yEsAuPgA,Museums#Arts & Entertainment
sQTvI2N_WT5m60ZUbTMCMQ,xY1sPHTA2RGVFlh5tZhs9g,Arts & Entertainment#American (New)#Nightlife#Music Venues#Restaurants
ruqAS0sS_fLmMiioU-0JCg,5FuO7ScUXU0kmfCZGfom5A,Food#Bakeries#Grocery#Convenience Stores
75wNFWoYMTwRvkVLUBYu-g,xZNZqczahipDzSomb48Twg,American (Traditional)#Cafes#Restaurants
s9jRfcyUjjsU3kPmXt504w,BqD7X5CHXnJ14YbBBlLx1w,Tapas Bars#Spanish#Restaurants
60JmXS5fQYAML3Llz7qbIw,Ly-FPf8njQ7PLBnuXEM8lw,Tires#Automotive
QmykNasFdjyaQ3K8oME3fQ,MGfE7fN_V4D6DTOE8b1Otw,Home Services#Apartments#Event Planning & Services#Hotels & Travel#Real Estate#Hotels
PC1gZs5Ns5Wd76CL1MMsmQ,_lanRtzQGRkbhd2b6pQleQ,Active Life#Dog Parks#Playgrounds#Parks
yKtZQZvw6d9GjxXekw-YbA,iins67bZVJeDrjiOTZh8DQ,Seafood#American (Traditional)#Restaurants
ig45oCs8DH_QWTUDFf8qJg,zt1TpTuJ6y9n551sw9TaEg,Buffets#Restaurants
jPzb5ZfPFrU_R9gA6YZPLw,kV37euU3wV69qHncpimVtA,Tattoo#Beauty & Spas
DsgiJmtKBZzsn0rHHxd_xQ,oTqqTs-luNptz5MR5H7hYw,Sporting Goods#Bikes#Shopping
tLukZV1TMzBFqJZgVTIeEg,rBPQuQgTcMtUq5-RYhY2uQ,Buffets#Restaurants
fwfe84Tz_msfmzdJGeh50g,wxf6JIS3U1U7d_GMwppq8Q,American (Traditional)#Restaurants
ruqAS0sS_fLmMiioU-0JCg,BQjGE1Z3nk253XzIZqt8Gg,Food#Desserts#Coffee & Tea#Cafes#Restaurants
0j5iiqxIB4qOTP3PEbwi8Q,CrlViaCIcMeQuZc63tbdQA,Hotels & Travel#Arts & Entertainment#Casinos#Event Planning & Services#Hotels
RVdu0KTvpYc4kS1umR51JQ,JSuzEURjXIr0G8WrECZIoA,Vegetarian#Indian#Restaurants
u1IC7xORIeAkJEt6n4p3_A,M5z8jiXlONr5BWWIQU_zzA,Nightlife#Dance Clubs
w70p852jPyabsc2JEIis4w,UI5ghIUeHYxzwSfaDVUXOA,Restaurants#Italian
5R1OCck1Cs4qhCtKb3EYfA,W_t7lmQapgPogeKlsqqQVg,Bars#Nightlife
gdNJzMx9duSZCBdiU1QKFg,Zx8_4zKdDBSO3qGrkukBIA,Szechuan#Asian Fusion#Mexican#Chinese#Restaurants
TIq-m7VeY80962a5pPFD1A,rEiyb2uYjaL-MrVRmndOkw,Arts & Entertainment#Casinos#Event Planning & Services#Hotels & Travel#Hotels#Restaurants
OsHPt0PIOQg4JlDBQp4K7Q,2oYhEHgSDLqYXYlAqnChuw,Mexican#Restaurants
5KbXjDK1p4vOa9BVcHwkew,NQR74d-x7QIhgYg125zd6A,Restaurants#Pizza#Italian
zDHnudjDDf2bqBC31a_6LA,-A-Dy_u25DTds1bdERFu5w,Automotive#Car Dealers
mECTORoeUYDA5ryP-vy5cw,358EZJ3WFHId1_ZClU4zDQ,Food#Juice Bars & Smoothies#Restaurants#Cafes
SZlA4_pJQVc691JZze0daQ,Rz9pomCN5c-AUuDSZbV4PA,Doctors#Hospitals#Health & Medical#Obstetricians & Gynecologists
opGgsDuWqzdNpZq2thH6eA,DUdBbrvqfaqUe9GYKmYNtA,Arts & Entertainment#Resorts#Casinos#Event Planning & Services#Hotels & Travel#Hotels
HGCWB7t-fCCYYVVjQXEk3A,SqKL7RsABTLLkBPoU3BMXg,Shopping#Home Services#Flooring#Home & Garden#Kitchen & Bath#Home Decor
TuNa_1uw11vrjAOoAidXNg,Hb6n-TyLhEDdCyPyH3E3oQ,Korean#Restaurants
5R1OCck1Cs4qhCtKb3EYfA,QF0v0RPVXIsAluw3TIfMWg,Cafes#Restaurants
HMy_9ZQwCFruLgKTS6cvIw,QnAzW6KMSciUcuJ20oI3Bw,American (Traditional)#Pizza#Salad#Restaurants
HMy_9ZQwCFruLgKTS6cvIw,nQUsMhT7qY6pPMvTT6xGcQ,Mexican#Restaurants
RVdu0KTvpYc4kS1umR51JQ,tn5SXZvWiT-uVsjXLGSrww,Seafood#Buffets#Restaurants
RVdu0KTvpYc4kS1umR51JQ,-O42yadp5Otp2F2DsilaFA,Chinese#Restaurants
dqLezFoE9GXe16uVgx6t9A,tn5SXZvWiT-uVsjXLGSrww,Seafood#Buffets#Restaurants
tcg8ZN8Pq2oLRYZX7dga7Q,xD8Q42kqjsxiUcs_trdLgg,American (Traditional)#Restaurants#Italian
RGC3gUcBVZqOy-b2XSRgGw,UAQ-W80kKvb5ot2aXpWIIw,Food#Juice Bars & Smoothies
9mFt_i1ml2ErMrHtsccUOQ,zZXLeL6fXP7LlhJ73-c20Q,Pizza#Restaurants
RGC3gUcBVZqOy-b2XSRgGw,UAQ-W80kKvb5ot2aXpWIIw,Food#Juice Bars & Smoothies
cbgoX-riB3fTiz1xCfhe9w,co8rv2zfOhMXc_TlEI9VrA,Food#Ice Cream & Frozen Yogurt
sQTvI2N_WT5m60ZUbTMCMQ,iOIFxw2XLo4I-Clu77u6yg,Hotels & Travel#Event Planning & Services#Hotels
kt5MZ368FrySa2S0PB1yqg,o1dqpKWktT6iVMZx-PtA9A,Shopping#Home Services#Building Supplies#Home & Garden#Hardware Stores#Nurseries & Gardening
R8IzlLmj1xRGqq_MBo29iw,JCqFWCn31OMSk-vqF5aYNQ,Bars#Breakfast & Brunch#Pubs#Nightlife#American (New)#Restaurants
o9w_kihUq8fBYDKYH9YIcQ,gWrBswv3mVzbUZ4gnaaRMA,American (New)#Restaurants
ijrgsBouraA6w6NrEGYeIA,te-5x-HhFgSWwBkGSG33Kg,Mexican#Restaurants
fEq90oZ0zAJQ1IYr6y-fnw,te-5x-HhFgSWwBkGSG33Kg,Mexican#Restaurants
5R1OCck1Cs4qhCtKb3EYfA,F3eY7CiRujPJG9UVYK8CLg,Cafes#Restaurants
5KbXjDK1p4vOa9BVcHwkew,F3eY7CiRujPJG9UVYK8CLg,Cafes#Restaurants
R5n8VzA2CS85EHkIqXMGJA,KcSJUq1kwO8awZRMS6Q49g,Fast Food#Hot Dogs#Restaurants
n9gwi14CEzv2g_1eX6E3Zw,yhR_thWkjsa5V4bMhFTN_g,Thai#Restaurants
HGCWB7t-fCCYYVVjQXEk3A,NN2qs5B713vM6BDcMyrg4A,Food#Food Delivery Services#Breakfast & Brunch#Restaurants
sQTvI2N_WT5m60ZUbTMCMQ,C5TGxBqOae4uKCtpHGFMEw,Food#Coffee & Tea
OsHPt0PIOQg4JlDBQp4K7Q,EoVGIsaatkdbWLY9qyFcgA,Tapas Bars#Latin American#Restaurants
5KbXjDK1p4vOa9BVcHwkew,LQsZ3UJPUcKLDQJaI0T69w,Brasseries#French#Restaurants
60JmXS5fQYAML3Llz7qbIw,Wd2CPmLSeQTQMC9x1_Q_5w,Sushi Bars#Japanese#Restaurants
k76kzMRJ3XsH7NxBKTL6KA,9ziO3NpoNTKHvIKCBFB_fQ,Wine Bars#Bars#American (New)#Nightlife#Restaurants
kt5MZ368FrySa2S0PB1yqg,Gi2BnH8xkS13vUYAsTpffA,Hotels & Travel#Event Planning & Services#Hotels
5KbXjDK1p4vOa9BVcHwkew,dBuvwAHFrw_2ZJOUxYAVDg,Brasseries#Bars#Nightlife#Wine Bars#Restaurants
FYIGxT2lW9Uou5nGHIpFDA,J8Z90BG7gkFaaync8BQjHA,Event Planning & Services#Caterers#Sandwiches#Restaurants
HMy_9ZQwCFruLgKTS6cvIw,PNrOTfMmE0CJFV9YwSLzYw,Chinese#Restaurants
0ngeArh5L-OOi4kU6Vpzyw,rE8048_DAh3Z8Tep466wrA,Chinese#Restaurants
RVdu0KTvpYc4kS1umR51JQ,SNTDhGh-AdBPKFfq6xCsRA,Seafood#Restaurants
opGgsDuWqzdNpZq2thH6eA,nlRIeO1CwLBegjgHQQz9nA,Arts & Entertainment#Performing Arts
5KbXjDK1p4vOa9BVcHwkew,zFYERv2GKgO-1E9EMa0OVw,Asian Fusion#Canadian (New)#Restaurants
gdNJzMx9duSZCBdiU1QKFg,BVo6wBuFwPH3QVqs8-JEDQ,Kitchen & Bath#Shopping#Home Services#Home & Garden
beXVbUApKqAOfbvSeWW0Jg,H_SuH7uLiYahDMbNBB9kog,Korean#Asian Fusion#Mexican#Restaurants
5KbXjDK1p4vOa9BVcHwkew,0NKoM64Tp6qEvMz-DYWhbw,Brasseries#Canadian (New)#Restaurants
kt5MZ368FrySa2S0PB1yqg,KweGJLJj933YHMbi-f9SAg,Steakhouses#Restaurants
60JmXS5fQYAML3Llz7qbIw,LdEzAYCufZMTbWc0soCaNg,Food#Bagels#Caterers#Delis#Event Planning & Services#Restaurants
-yRIcu1ZqNgT8oGS53NdHA,2uHqDtzydFsSegyG2A29vQ,Hair Salons#Nail Salons#Beauty & Spas
zeb8aK80RrwxjcudsmUbjw,4-L3Mm5Fsm_HdhBq4VnnLg,Toy Stores#Shopping#Office Equipment
CmZE5o2mmp9VE4-g3gRkaQ,PXo9zC_oaE4pd96OHdTLIA,Massage Therapy#Health & Medical
sMQN2pjtzQ4JWwyytTzylQ,TKeBd_Pga579GMKdOWgPfQ,Doctors#Health & Medical#Pediatricians
beXVbUApKqAOfbvSeWW0Jg,AumuGuTg3HqvtwbLPi-ZCg,Thai#Chinese#Restaurants
fwfe84Tz_msfmzdJGeh50g,G0nUhYF2q4tnoOPwCjXLig,Arts & Entertainment#Resorts#Casinos#Event Planning & Services#Hotels & Travel#Hotels
h-8gdwYYOAj76Dy1ae2xUg,R3V_yijAqotBgrD4QImMjw,Food#Coffee & Tea
clmGgfDyLupkQrHQQo2Zbg,Te5dA0G1-SWKGS8nuJp0Tg,Spanish#Mexican#Latin American#Restaurants
_lydCNGXP4YSGnlOXnEOuQ,HHYSvEjbhYAFghUsC66QEw,Delis#Indian#Mediterranean#Restaurants
RVdu0KTvpYc4kS1umR51JQ,KlAARyLySLdoyT8QxJFSIg,Steakhouses#Restaurants
xggYLsPULcCncxi5_ajQHg,ckZVnb6gF3PPVWkoVhAiEw,Buffets#Restaurants
5KbXjDK1p4vOa9BVcHwkew,Ytcnnwgl-0Mok_-Pdz5wEQ,Tapas/Small Plates#Italian#Pizza#Restaurants
TAOh2xfjvOh7AdtxxXIoFA,Qxgecwyn0cy5ZgyUF2urxg,Cafes#Restaurants
WNQTKto7nXi-0OMntLN5AQ,mAroewSrpGEkBYdBHmE5kw,Coffee & Tea#Music Venues#Food#Arts & Entertainment#Bars#Wine Bars#Nightlife
5R1OCck1Cs4qhCtKb3EYfA,OI9IKxqIRoPbHq0F5zz6kw,Canadian (New)#Restaurants
fwfe84Tz_msfmzdJGeh50g,tCyJuJ6nTJKMA6pxJmOOOA,Hotels & Travel#Event Planning & Services#Hotels
wJbectMFThGPtAuaOYdCPA,bQXzuRIQNKGxe0Py-CLDYA,Hotels & Travel#Event Planning & Services#Hotels
ruqAS0sS_fLmMiioU-0JCg,m7IEMSzrR8KPjCsLEqOobA,Bars#American (Traditional)#Burgers#Nightlife#Sports Bars#Restaurants
RGC3gUcBVZqOy-b2XSRgGw,uPGeBHpINb9yCy9KVswOaw,Active Life#Gyms#Fitness & Instruction
ruqAS0sS_fLmMiioU-0JCg,cQJM8VpY21O3HVu7j_b7Vw,Korean#Restaurants
kt5MZ368FrySa2S0PB1yqg,bmphS_u3GKdDboTpN4zTww,Delis#Restaurants
Kr4JrehFvMffEigBG_P0MA,tGdvormpvE-B4jDr9YyKrQ,Hair Salons#Shopping#Cosmetics & Beauty Supply#Beauty & Spas
1FwKj8ERL202O-lufw7pTg,ngNvH4sxnH9aMukTZ67R_Q,Buffets#Restaurants
kt5MZ368FrySa2S0PB1yqg,zE8tWlS_MmPAIF3vTIgKDA,Mexican#Restaurants
8MvlGrbuy7XzmshUtbHvYQ,z9PCBtLV_vOm8k6YBmZj6g,Doctors#Shopping#Optometrists#Ophthalmologists#Health & Medical#Eyewear & Opticians
RWbffWlqNrodxry7FA1Pqg,odGzsULKXb62cEilINf-GQ,Pet Groomers#Pet Services#Pets
1FwKj8ERL202O-lufw7pTg,ngNvH4sxnH9aMukTZ67R_Q,Buffets#Restaurants
kt5MZ368FrySa2S0PB1yqg,zE8tWlS_MmPAIF3vTIgKDA,Mexican#Restaurants
F4f7kp7GZizN5Gq0OYSCAg,ngNvH4sxnH9aMukTZ67R_Q,Buffets#Restaurants
O-4iy2zJ0X6QFP62aV2YbQ,q4TqK1xIa1QOp_wjiFjb3A,Tapas/Small Plates#Tapas Bars#Mediterranean#Restaurants
zDHnudjDDf2bqBC31a_6LA,sBAueq0jUmlIH6vdgyP2aQ,Brasseries#Breakfast & Brunch#American (Traditional)#Restaurants
5KbXjDK1p4vOa9BVcHwkew,qraQm1EvLa3JGykqEMAr8g,Bars#Breakfast & Brunch#French#Wine Bars#Nightlife#Restaurants
5R1OCck1Cs4qhCtKb3EYfA,44HHIG46XUeUiPsTD51xCQ,Sandwiches#Restaurants
zeb8aK80RrwxjcudsmUbjw,Cp6JGY5YIRncTV_My9nf9g,Seafood#Mexican#Restaurants
gdNJzMx9duSZCBdiU1QKFg,DuaoskPAVBV55px_cwxIVw,Buffets#Chinese#Restaurants
YxqZwn-PhrcpVmJTE-eA7A,ojg5gz0RP0Gkb0yogcqA8Q,Food#Vegetarian#Juice Bars & Smoothies#Restaurants
3M0nfSDXwlyDSE5ofPcXsg,A-wbnt6g19IWirBswkzsig,"Food#Steakhouses#Restaurants#Beer, Wine & Spirits#Brazilian"
QmykNasFdjyaQ3K8oME3fQ,NfheNBs_UbGN1r25Ehdl_Q,Burgers#American (Traditional)#Chicken Wings#Restaurants
1FwKj8ERL202O-lufw7pTg,CZjcFdvJhksq9dy58NVEzw,American (New)#Buffets#Restaurants
5R1OCck1Cs4qhCtKb3EYfA,EHGFTQpcmQ4OOA2q9gSKng,Women's Clothing#Men's Clothing#Fashion#Shopping#Accessories
cRH7ARRsrWD_q8xJHaU31Q,IzcWiXp9PU08yi7r4ftp5w,Filipino#Restaurants
R5n8VzA2CS85EHkIqXMGJA,CZjcFdvJhksq9dy58NVEzw,American (New)#Buffets#Restaurants
siiN0Fl40dIjjSu7R06aYg,QGOkzwSUq2Xf0OOdhp779w,Shopping#Jewelry
PTkSrIc2xu1RV7P29Y55bw,eiYDLEWkGY6df3sb1z6evw,Bars#Tapas Bars#Nightlife#Lounges#Hookah Bars#Restaurants
wCe1P5UwV-uyNHpUhESHZg,TWD8c5-P7w9v-2KX_GSNZQ,Arts & Entertainment#Resorts#Casinos#Event Planning & Services#Hotels & Travel#Hotels
mOX1_X12jU0BvxpZXFUWWQ,CZjcFdvJhksq9dy58NVEzw,American (New)#Buffets#Restaurants
R5n8VzA2CS85EHkIqXMGJA,6gJj6LSZY5HsOhaYpIvQxw,Arts & Entertainment#Buffets#Casinos#Event Planning & Services#Hotels & Travel#Restaurants#Hotels
yKtZQZvw6d9GjxXekw-YbA,oMtqDDzpMcFrQwHfeYc1iA,Chinese#Restaurants
OvbohOObBy01n2RWaBD6KQ,l4PpLI5yJ9oIp0nS99uRpA,Hotels & Travel#Public Transportation#Transportation
opGgsDuWqzdNpZq2thH6eA,M85zYyPcMXuGIuMyz7YmfQ,Hotels & Travel#Event Planning & Services#Hotels
kt5MZ368FrySa2S0PB1yqg,wcrmyGHXNWFXU0DiLq_Miw,Diners#Restaurants
sQTvI2N_WT5m60ZUbTMCMQ,Our6bzte5W1wlIeOu9luug,Gastropubs#Wine Bars#Bars#Nightlife#Restaurants
G3p3IeyFksX1RHX1uldr6Q,rCVaj4xZKS7Af89p2JjcpQ,Auto Repair#Automotive#Car Dealers
yKtZQZvw6d9GjxXekw-YbA,UK2LezJRdrNkmF_TH__rCg,Chinese#Restaurants
u1IC7xORIeAkJEt6n4p3_A,PO2JBrCFcxd5ne-7ewDwdw,Arts & Entertainment#Stadiums & Arenas
5KbXjDK1p4vOa9BVcHwkew,UW9q_26cX8fKqtO28n78AQ,French#Restaurants
ruqAS0sS_fLmMiioU-0JCg,G6mZKMiDqHDgH92IOg9QhQ,Korean#Barbeque#Restaurants
4W9SN-3ArK66VG9s6l2vGg,ShITzi6eMClvswYg3VRsJA,Photographers#Event Planning & Services#Session Photography
V-ccnRJAiToDU76DqFV8hw,aGaoRZay5PRieFvTK6VkmQ,Food#Gelato
gdNJzMx9duSZCBdiU1QKFg,3N__CAwM5VZOhRKmxMtImw,Japanese#Restaurants
bFbFbu5L_iQvK2zZ4Loyyg,cpxwd_iFG3Oh1LUMJn0rOQ,Barbeque#Restaurants
gdNJzMx9duSZCBdiU1QKFg,3N__CAwM5VZOhRKmxMtImw,Japanese#Restaurants
SnFlVM1Col4PzJqWFHuafw,ihAhpMrQCXoKKWXFtUKQbw,Home Services#Pool Cleaners
kt5MZ368FrySa2S0PB1yqg,Vhc7JJd5S347VW1s2x0F6Q,Restaurants#Italian
jPzb5ZfPFrU_R9gA6YZPLw,6OJV--BjqPpJjnTueniqVw,American (New)#Restaurants
SUNNu9ntyVnIuLPifs_xiw,jWGm_Wol4qHyi6OHv2dqUA,Thai#Restaurants
opGgsDuWqzdNpZq2thH6eA,xdZCDgyGmwaz_rWbZ0SKAw,Bars#Nightlife#Lounges
PTkSrIc2xu1RV7P29Y55bw,nZgYNbl1XlZyyKlISMoG6w,Breakfast & Brunch#Bars#American (New)#Nightlife#Restaurants
3M0nfSDXwlyDSE5ofPcXsg,nZgYNbl1XlZyyKlISMoG6w,Breakfast & Brunch#Bars#American (New)#Nightlife#Restaurants
kt5MZ368FrySa2S0PB1yqg,nwaivnODjeFVYXyqaWxWiA,Food
u1IC7xORIeAkJEt6n4p3_A,u9YPOYxDZHiO9Z1NUuzcIA,Bars#American (Traditional)#Nightlife#Restaurants
9LIL7m1Q0wtzHnKWpZxuQw,udqu4L9pHPlVT_r-jJbvRQ,Pizza#Restaurants
RGC3gUcBVZqOy-b2XSRgGw,ving2hoAcBC_4DaYdWtfvw,Sporting Goods#Shopping#Outdoor Gear
ALRA9kCnP7G1KtI3uF4Hwg,4VSmKHeqp--zTd8quR6GWQ,Day Spas#Hair Removal#Beauty & Spas
JHmO-lVrHA0njKnQnZ8qLA,UtVMTQwKxQMJBQSlbuEqCw,Hotels & Travel#Event Planning & Services#Hotels
JHJEFAqtOnY8slBb5vmUHQ,tLLz1fzVjG84LF-mv9hAEw,Bars#Nightlife#Lounges
HGCWB7t-fCCYYVVjQXEk3A,uPGeM_erzusd2oRc6rZvyg,Shopping#Arts & Crafts#Costumes#Party & Event Planning#Event Planning & Services#Fabric Stores
zDHnudjDDf2bqBC31a_6LA,8HCC8NuJmdHnEg2XC00NPg,Thai#Japanese#Chinese#Restaurants
5KbXjDK1p4vOa9BVcHwkew,WLCOlElse_N-Q9HFfGLBfQ,Mexican#Restaurants
MCN8CRg6cLQjELgzDbT8Sg,XgfKcL7eBJE9B66qoaIlJQ,Bakeries#Food#Breakfast & Brunch#American (New)#Restaurants
opGgsDuWqzdNpZq2thH6eA,sxRI0je6hAR-MeBDxdyhug,American (Traditional)#Restaurants
1FwKj8ERL202O-lufw7pTg,u9wjRhUjySkHPa_hG3kFOg,Arts & Entertainment#Resorts#Casinos#Event Planning & Services#Hotels & Travel#Hotels
JHJEFAqtOnY8slBb5vmUHQ,u9wjRhUjySkHPa_hG3kFOg,Arts & Entertainment#Resorts#Casinos#Event Planning & Services#Hotels & Travel#Hotels
A93F7-h-2ULJRR6dQbbdAQ,u9wjRhUjySkHPa_hG3kFOg,Arts & Entertainment#Resorts#Casinos#Event Planning & Services#Hotels & Travel#Hotels
